CRITICAL - 2026-01-16 05:01:36 --> ErrorException: unlink(C:\xampp\htdocs\dinara\writable\debugbar/debugbar_1768532823.504306.json): No such file or directory
[Method: GET, Route: /]
in SYSTEMPATH\Debug\Toolbar\Collectors\History.php on line 82.
 1 [internal function]: CodeIgniter\Debug\Exceptions->errorHandler(2, 'unlink(C:\\xampp\\htdocs\\dinara\\writable\\debugbar/debugbar_1768532823.504306.json): No such file or directory', 'C:\\xampp\\htdocs\\dinara\\system\\Debug\\Toolbar\\Collectors\\History.php', 82)
 2 SYSTEMPATH\Debug\Toolbar\Collectors\History.php(82): unlink('C:\\xampp\\htdocs\\dinara\\writable\\debugbar/debugbar_1768532823.504306.json')
 3 SYSTEMPATH\Debug\Toolbar.php(517): CodeIgniter\Debug\Toolbar\Collectors\History->setFiles('1768539686.851110', 20)
 4 SYSTEMPATH\Debug\Toolbar.php(496): CodeIgniter\Debug\Toolbar->format([...], 'html')
 5 APPPATH\Config\Events.php(47): CodeIgniter\Debug\Toolbar->respond()
 6 SYSTEMPATH\Events\Events.php(152): CodeIgniter\Events\Events::Config\{closure}()
 7 SYSTEMPATH\CodeIgniter.php(339): CodeIgniter\Events\Events::trigger('pre_system')
 8 SYSTEMPATH\Boot.php(363): CodeIgniter\CodeIgniter->run()
 9 SYSTEMPATH\Boot.php(68): CodeIgniter\Boot::runCodeIgniter(Object(CodeIgniter\CodeIgniter))
10 FCPATH\index.php(70): CodeIgniter\Boot::bootWeb(Object(Config\Paths))
11 ROOTPATH\index.php(3): require_once('C:\\xampp\\htdocs\\dinara\\public\\index.php')
CRITICAL - 2026-01-16 05:07:39 --> ErrorException: Undefined variable $hero_slides
[Method: GET, Route: /]
in APPPATH\Views\landing_page_story.php on line 2712.
 1 APPPATH\Views\landing_page_story.php(2712): CodeIgniter\Debug\Exceptions->errorHandler(2, 'Undefined variable $hero_slides', 'C:\\xampp\\htdocs\\dinara\\app\\Views\\landing_page_story.php', 2712)
 2 SYSTEMPATH\View\View.php(226): include('C:\\xampp\\htdocs\\dinara\\app\\Views\\landing_page_story.php')
 3 SYSTEMPATH\View\View.php(229): CodeIgniter\View\View->CodeIgniter\View\{closure}()
 4 SYSTEMPATH\Common.php(1199): CodeIgniter\View\View->render('landing_page_story', [], true)
 5 APPPATH\Controllers\Kalkulator.php(232): view('landing_page_story', [...])
 6 SYSTEMPATH\CodeIgniter.php(933): App\Controllers\Kalkulator->index()
 7 SYSTEMPATH\CodeIgniter.php(507): CodeIgniter\CodeIgniter->runController(Object(App\Controllers\Kalkulator))
 8 SYSTEMPATH\CodeIgniter.php(354): CodeIgniter\CodeIgniter->handleRequest(null, Object(Config\Cache), false)
 9 SYSTEMPATH\Boot.php(363): CodeIgniter\CodeIgniter->run()
10 SYSTEMPATH\Boot.php(68): CodeIgniter\Boot::runCodeIgniter(Object(CodeIgniter\CodeIgniter))
11 FCPATH\index.php(70): CodeIgniter\Boot::bootWeb(Object(Config\Paths))
12 ROOTPATH\index.php(3): require_once('C:\\xampp\\htdocs\\dinara\\public\\index.php')
CRITICAL - 2026-01-16 10:57:22 --> CodeIgniter\HTTP\Exceptions\BadRequestException: The URI you submitted has disallowed characters: "696a0cebde3e7_Biru Oranye Abstrak Minimalis Persewaan Alat Kemah Twitter Header (3).png"
[Method: GET, Route: uploads/uploads/hero/696a0cebde3e7_Biru%20Oranye%20Abstrak%20Minimalis%20Persewaan%20Alat%20Kemah%20Twitter%20Header%20%283%29.png]
in SYSTEMPATH\Router\Router.php on line 741.
 1 SYSTEMPATH\Router\Router.php(207): CodeIgniter\Router\Router->checkDisallowedChars('uploads/uploads/hero/696a0cebde3e7_Biru Oranye Abstrak Minimalis Persewaan Alat Kemah Twitter Header (3).png')
 2 SYSTEMPATH\CodeIgniter.php(832): CodeIgniter\Router\Router->handle('uploads/uploads/hero/696a0cebde3e7_Biru Oranye Abstrak Minimalis Persewaan Alat Kemah Twitter Header (3).png')
 3 SYSTEMPATH\CodeIgniter.php(455): CodeIgniter\CodeIgniter->tryToRouteIt(Object(CodeIgniter\Router\RouteCollection))
 4 SYSTEMPATH\CodeIgniter.php(354): CodeIgniter\CodeIgniter->handleRequest(null, Object(Config\Cache), false)
 5 SYSTEMPATH\Boot.php(363): CodeIgniter\CodeIgniter->run()
 6 SYSTEMPATH\Boot.php(68): CodeIgniter\Boot::runCodeIgniter(Object(CodeIgniter\CodeIgniter))
 7 FCPATH\index.php(70): CodeIgniter\Boot::bootWeb(Object(Config\Paths))
CRITICAL - 2026-01-16 12:59:31 --> CodeIgniter\HTTP\Exceptions\BadRequestException: The URI you submitted has disallowed characters: "696a0cebde3e7_Biru Oranye Abstrak Minimalis Persewaan Alat Kemah Twitter Header (3).png"
[Method: GET, Route: uploads/hero/696a0cebde3e7_Biru%20Oranye%20Abstrak%20Minimalis%20Persewaan%20Alat%20Kemah%20Twitter%20Header%20%283%29.png]
in SYSTEMPATH\Router\Router.php on line 741.
 1 SYSTEMPATH\Router\Router.php(207): CodeIgniter\Router\Router->checkDisallowedChars('uploads/hero/696a0cebde3e7_Biru Oranye Abstrak Minimalis Persewaan Alat Kemah Twitter Header (3).png')
 2 SYSTEMPATH\CodeIgniter.php(832): CodeIgniter\Router\Router->handle('uploads/hero/696a0cebde3e7_Biru Oranye Abstrak Minimalis Persewaan Alat Kemah Twitter Header (3).png')
 3 SYSTEMPATH\CodeIgniter.php(455): CodeIgniter\CodeIgniter->tryToRouteIt(Object(CodeIgniter\Router\RouteCollection))
 4 SYSTEMPATH\CodeIgniter.php(354): CodeIgniter\CodeIgniter->handleRequest(null, Object(Config\Cache), false)
 5 SYSTEMPATH\Boot.php(363): CodeIgniter\CodeIgniter->run()
 6 SYSTEMPATH\Boot.php(68): CodeIgniter\Boot::runCodeIgniter(Object(CodeIgniter\CodeIgniter))
 7 FCPATH\index.php(70): CodeIgniter\Boot::bootWeb(Object(Config\Paths))
CRITICAL - 2026-01-16 13:43:18 --> CodeIgniter\HTTP\Exceptions\BadRequestException: The URI you submitted has disallowed characters: "696a0cebde3e7_Biru Oranye Abstrak Minimalis Persewaan Alat Kemah Twitter Header (3).png"
[Method: GET, Route: uploads/hero/696a0cebde3e7_Biru%20Oranye%20Abstrak%20Minimalis%20Persewaan%20Alat%20Kemah%20Twitter%20Header%20%283%29.png]
in SYSTEMPATH\Router\Router.php on line 741.
 1 SYSTEMPATH\Router\Router.php(207): CodeIgniter\Router\Router->checkDisallowedChars('uploads/hero/696a0cebde3e7_Biru Oranye Abstrak Minimalis Persewaan Alat Kemah Twitter Header (3).png')
 2 SYSTEMPATH\CodeIgniter.php(832): CodeIgniter\Router\Router->handle('uploads/hero/696a0cebde3e7_Biru Oranye Abstrak Minimalis Persewaan Alat Kemah Twitter Header (3).png')
 3 SYSTEMPATH\CodeIgniter.php(455): CodeIgniter\CodeIgniter->tryToRouteIt(Object(CodeIgniter\Router\RouteCollection))
 4 SYSTEMPATH\CodeIgniter.php(354): CodeIgniter\CodeIgniter->handleRequest(null, Object(Config\Cache), false)
 5 SYSTEMPATH\Boot.php(363): CodeIgniter\CodeIgniter->run()
 6 SYSTEMPATH\Boot.php(68): CodeIgniter\Boot::runCodeIgniter(Object(CodeIgniter\CodeIgniter))
 7 FCPATH\index.php(70): CodeIgniter\Boot::bootWeb(Object(Config\Paths))
CRITICAL - 2026-01-16 13:52:42 --> CodeIgniter\HTTP\Exceptions\BadRequestException: The URI you submitted has disallowed characters: "696a0cebde3e7_Biru Oranye Abstrak Minimalis Persewaan Alat Kemah Twitter Header (3).png"
[Method: GET, Route: uploads/hero/696a0cebde3e7_Biru%20Oranye%20Abstrak%20Minimalis%20Persewaan%20Alat%20Kemah%20Twitter%20Header%20%283%29.png]
in SYSTEMPATH\Router\Router.php on line 741.
 1 SYSTEMPATH\Router\Router.php(207): CodeIgniter\Router\Router->checkDisallowedChars('uploads/hero/696a0cebde3e7_Biru Oranye Abstrak Minimalis Persewaan Alat Kemah Twitter Header (3).png')
 2 SYSTEMPATH\CodeIgniter.php(832): CodeIgniter\Router\Router->handle('uploads/hero/696a0cebde3e7_Biru Oranye Abstrak Minimalis Persewaan Alat Kemah Twitter Header (3).png')
 3 SYSTEMPATH\CodeIgniter.php(455): CodeIgniter\CodeIgniter->tryToRouteIt(Object(CodeIgniter\Router\RouteCollection))
 4 SYSTEMPATH\CodeIgniter.php(354): CodeIgniter\CodeIgniter->handleRequest(null, Object(Config\Cache), false)
 5 SYSTEMPATH\Boot.php(363): CodeIgniter\CodeIgniter->run()
 6 SYSTEMPATH\Boot.php(68): CodeIgniter\Boot::runCodeIgniter(Object(CodeIgniter\CodeIgniter))
 7 FCPATH\index.php(70): CodeIgniter\Boot::bootWeb(Object(Config\Paths))
CRITICAL - 2026-01-16 13:52:48 --> ErrorException: Undefined variable $hero_slides
[Method: GET, Route: /]
in APPPATH\Views\landing_page_story.php on line 2757.
 1 APPPATH\Views\landing_page_story.php(2757): CodeIgniter\Debug\Exceptions->errorHandler(2, 'Undefined variable $hero_slides', 'C:\\xampp\\htdocs\\dinara\\app\\Views\\landing_page_story.php', 2757)
 2 SYSTEMPATH\View\View.php(226): include('C:\\xampp\\htdocs\\dinara\\app\\Views\\landing_page_story.php')
 3 SYSTEMPATH\View\View.php(229): CodeIgniter\View\View->CodeIgniter\View\{closure}()
 4 SYSTEMPATH\Common.php(1199): CodeIgniter\View\View->render('landing_page_story', [], true)
 5 APPPATH\Controllers\Kalkulator.php(240): view('landing_page_story', [...])
 6 SYSTEMPATH\CodeIgniter.php(933): App\Controllers\Kalkulator->index()
 7 SYSTEMPATH\CodeIgniter.php(507): CodeIgniter\CodeIgniter->runController(Object(App\Controllers\Kalkulator))
 8 SYSTEMPATH\CodeIgniter.php(354): CodeIgniter\CodeIgniter->handleRequest(null, Object(Config\Cache), false)
 9 SYSTEMPATH\Boot.php(363): CodeIgniter\CodeIgniter->run()
10 SYSTEMPATH\Boot.php(68): CodeIgniter\Boot::runCodeIgniter(Object(CodeIgniter\CodeIgniter))
11 FCPATH\index.php(70): CodeIgniter\Boot::bootWeb(Object(Config\Paths))
12 ROOTPATH\index.php(3): require_once('C:\\xampp\\htdocs\\dinara\\public\\index.php')
CRITICAL - 2026-01-16 13:56:59 --> CodeIgniter\HTTP\Exceptions\BadRequestException: The URI you submitted has disallowed characters: "696a0cebde3e7_Biru Oranye Abstrak Minimalis Persewaan Alat Kemah Twitter Header (3).png"
[Method: GET, Route: uploads/hero/696a0cebde3e7_Biru%20Oranye%20Abstrak%20Minimalis%20Persewaan%20Alat%20Kemah%20Twitter%20Header%20%283%29.png]
in SYSTEMPATH\Router\Router.php on line 741.
 1 SYSTEMPATH\Router\Router.php(207): CodeIgniter\Router\Router->checkDisallowedChars('uploads/hero/696a0cebde3e7_Biru Oranye Abstrak Minimalis Persewaan Alat Kemah Twitter Header (3).png')
 2 SYSTEMPATH\CodeIgniter.php(832): CodeIgniter\Router\Router->handle('uploads/hero/696a0cebde3e7_Biru Oranye Abstrak Minimalis Persewaan Alat Kemah Twitter Header (3).png')
 3 SYSTEMPATH\CodeIgniter.php(455): CodeIgniter\CodeIgniter->tryToRouteIt(Object(CodeIgniter\Router\RouteCollection))
 4 SYSTEMPATH\CodeIgniter.php(354): CodeIgniter\CodeIgniter->handleRequest(null, Object(Config\Cache), false)
 5 SYSTEMPATH\Boot.php(363): CodeIgniter\CodeIgniter->run()
 6 SYSTEMPATH\Boot.php(68): CodeIgniter\Boot::runCodeIgniter(Object(CodeIgniter\CodeIgniter))
 7 FCPATH\index.php(70): CodeIgniter\Boot::bootWeb(Object(Config\Paths))
CRITICAL - 2026-01-16 13:57:28 --> CodeIgniter\HTTP\Exceptions\BadRequestException: The URI you submitted has disallowed characters: "696a0cebde3e7_Biru Oranye Abstrak Minimalis Persewaan Alat Kemah Twitter Header (3).png"
[Method: GET, Route: uploads/hero/696a0cebde3e7_Biru%20Oranye%20Abstrak%20Minimalis%20Persewaan%20Alat%20Kemah%20Twitter%20Header%20%283%29.png]
in SYSTEMPATH\Router\Router.php on line 741.
 1 SYSTEMPATH\Router\Router.php(207): CodeIgniter\Router\Router->checkDisallowedChars('uploads/hero/696a0cebde3e7_Biru Oranye Abstrak Minimalis Persewaan Alat Kemah Twitter Header (3).png')
 2 SYSTEMPATH\CodeIgniter.php(832): CodeIgniter\Router\Router->handle('uploads/hero/696a0cebde3e7_Biru Oranye Abstrak Minimalis Persewaan Alat Kemah Twitter Header (3).png')
 3 SYSTEMPATH\CodeIgniter.php(455): CodeIgniter\CodeIgniter->tryToRouteIt(Object(CodeIgniter\Router\RouteCollection))
 4 SYSTEMPATH\CodeIgniter.php(354): CodeIgniter\CodeIgniter->handleRequest(null, Object(Config\Cache), false)
 5 SYSTEMPATH\Boot.php(363): CodeIgniter\CodeIgniter->run()
 6 SYSTEMPATH\Boot.php(68): CodeIgniter\Boot::runCodeIgniter(Object(CodeIgniter\CodeIgniter))
 7 FCPATH\index.php(70): CodeIgniter\Boot::bootWeb(Object(Config\Paths))
CRITICAL - 2026-01-16 14:05:30 --> ErrorException: Undefined array key "button_label"
[Method: GET, Route: /]
in APPPATH\Views\landing_page_story.php on line 2855.
 1 APPPATH\Views\landing_page_story.php(2855): CodeIgniter\Debug\Exceptions->errorHandler(2, 'Undefined array key "button_label"', 'C:\\xampp\\htdocs\\dinara\\app\\Views\\landing_page_story.php', 2855)
 2 SYSTEMPATH\View\View.php(226): include('C:\\xampp\\htdocs\\dinara\\app\\Views\\landing_page_story.php')
 3 SYSTEMPATH\View\View.php(229): CodeIgniter\View\View->CodeIgniter\View\{closure}()
 4 SYSTEMPATH\Common.php(1199): CodeIgniter\View\View->render('landing_page_story', [], true)
 5 APPPATH\Controllers\Kalkulator.php(240): view('landing_page_story', [...])
 6 SYSTEMPATH\CodeIgniter.php(933): App\Controllers\Kalkulator->index()
 7 SYSTEMPATH\CodeIgniter.php(507): CodeIgniter\CodeIgniter->runController(Object(App\Controllers\Kalkulator))
 8 SYSTEMPATH\CodeIgniter.php(354): CodeIgniter\CodeIgniter->handleRequest(null, Object(Config\Cache), false)
 9 SYSTEMPATH\Boot.php(363): CodeIgniter\CodeIgniter->run()
10 SYSTEMPATH\Boot.php(68): CodeIgniter\Boot::runCodeIgniter(Object(CodeIgniter\CodeIgniter))
11 FCPATH\index.php(70): CodeIgniter\Boot::bootWeb(Object(Config\Paths))
12 ROOTPATH\index.php(3): require_once('C:\\xampp\\htdocs\\dinara\\public\\index.php')
ERROR - 2026-01-16 14:10:21 --> mysqli_sql_exception: Unknown column 'duration' in 'field list' in C:\xampp\htdocs\dinara\system\Database\MySQLi\Connection.php:327
Stack trace:
#0 C:\xampp\htdocs\dinara\system\Database\MySQLi\Connection.php(327): mysqli->query('INSERT INTO `he...', 0)
#1 C:\xampp\htdocs\dinara\system\Database\BaseConnection.php(729): CodeIgniter\Database\MySQLi\Connection->execute('INSERT INTO `he...')
#2 C:\xampp\htdocs\dinara\system\Database\BaseConnection.php(646): CodeIgniter\Database\BaseConnection->simpleQuery('INSERT INTO `he...')
#3 C:\xampp\htdocs\dinara\system\Database\BaseBuilder.php(2345): CodeIgniter\Database\BaseConnection->query('INSERT INTO `he...', Array, false)
#4 C:\xampp\htdocs\dinara\system\Model.php(394): CodeIgniter\Database\BaseBuilder->insert()
#5 C:\xampp\htdocs\dinara\system\BaseModel.php(838): CodeIgniter\Model->doInsert(Array)
#6 C:\xampp\htdocs\dinara\system\Model.php(797): CodeIgniter\BaseModel->insert(Array, true)
#7 C:\xampp\htdocs\dinara\app\Controllers\Admin.php(1060): CodeIgniter\Model->insert(Array)
#8 C:\xampp\htdocs\dinara\system\CodeIgniter.php(933): App\Controllers\Admin->save_slideshow()
#9 C:\xampp\htdocs\dinara\system\CodeIgniter.php(507): CodeIgniter\CodeIgniter->runController(Object(App\Controllers\Admin))
#10 C:\xampp\htdocs\dinara\system\CodeIgniter.php(354): CodeIgniter\CodeIgniter->handleRequest(NULL, Object(Config\Cache), false)
#11 C:\xampp\htdocs\dinara\system\Boot.php(363): CodeIgniter\CodeIgniter->run()
#12 C:\xampp\htdocs\dinara\system\Boot.php(68): CodeIgniter\Boot::runCodeIgniter(Object(CodeIgniter\CodeIgniter))
#13 C:\xampp\htdocs\dinara\public\index.php(70): CodeIgniter\Boot::bootWeb(Object(Config\Paths))
#14 {main}
CRITICAL - 2026-01-16 14:10:21 --> CodeIgniter\Database\Exceptions\DatabaseException: Unknown column 'duration' in 'field list'
[Method: POST, Route: admin/save_slideshow]
in SYSTEMPATH\Database\BaseConnection.php on line 684.
 1 SYSTEMPATH\Database\BaseBuilder.php(2345): CodeIgniter\Database\BaseConnection->query('INSERT INTO `hero_slideshow` (`title`, `description`, `image_url`, `sort_order`, `is_active`, `duration`, `button_label`, `button_url`, `button_class`, `created_at`, `updated_at`) VALUES (:title:, :description:, :image_url:, :sort_order:, :is_active:, :duration:, :button_label:, :button_url:, :button_class:, :created_at:, :updated_at:)', [...], false)
 2 SYSTEMPATH\Model.php(394): CodeIgniter\Database\BaseBuilder->insert()
 3 SYSTEMPATH\BaseModel.php(838): CodeIgniter\Model->doInsert([...])
 4 SYSTEMPATH\Model.php(797): CodeIgniter\BaseModel->insert([...], true)
 5 APPPATH\Controllers\Admin.php(1060): CodeIgniter\Model->insert([...])
 6 SYSTEMPATH\CodeIgniter.php(933): App\Controllers\Admin->save_slideshow()
 7 SYSTEMPATH\CodeIgniter.php(507): CodeIgniter\CodeIgniter->runController(Object(App\Controllers\Admin))
 8 SYSTEMPATH\CodeIgniter.php(354): CodeIgniter\CodeIgniter->handleRequest(null, Object(Config\Cache), false)
 9 SYSTEMPATH\Boot.php(363): CodeIgniter\CodeIgniter->run()
10 SYSTEMPATH\Boot.php(68): CodeIgniter\Boot::runCodeIgniter(Object(CodeIgniter\CodeIgniter))
11 FCPATH\index.php(70): CodeIgniter\Boot::bootWeb(Object(Config\Paths))
CRITICAL - 2026-01-16 14:10:21 --> [Caused by] CodeIgniter\Database\Exceptions\DatabaseException: Unknown column 'duration' in 'field list'
in SYSTEMPATH\Database\MySQLi\Connection.php on line 332.
 1 SYSTEMPATH\Database\BaseConnection.php(729): CodeIgniter\Database\MySQLi\Connection->execute('INSERT INTO `hero_slideshow` (`title`, `description`, `image_url`, `sort_order`, `is_active`, `duration`, `button_label`, `button_url`, `button_class`, `created_at`, `updated_at`) VALUES (\'JAJAL\', \'\', \'uploads/hero/696a46cd041ea_Biru Oranye Abstrak Minimalis Persewaan Alat Kemah Twitter Header (1).png\', 2, 1, 4903, \'\', \'http://localhost:8080/dinara/ESTIMASI\', \'btn-primary\', \'2026-01-16 14:10:21\', \'2026-01-16 14:10:21\')')
 2 SYSTEMPATH\Database\BaseConnection.php(646): CodeIgniter\Database\BaseConnection->simpleQuery('INSERT INTO `hero_slideshow` (`title`, `description`, `image_url`, `sort_order`, `is_active`, `duration`, `button_label`, `button_url`, `button_class`, `created_at`, `updated_at`) VALUES (\'JAJAL\', \'\', \'uploads/hero/696a46cd041ea_Biru Oranye Abstrak Minimalis Persewaan Alat Kemah Twitter Header (1).png\', 2, 1, 4903, \'\', \'http://localhost:8080/dinara/ESTIMASI\', \'btn-primary\', \'2026-01-16 14:10:21\', \'2026-01-16 14:10:21\')')
 3 SYSTEMPATH\Database\BaseBuilder.php(2345): CodeIgniter\Database\BaseConnection->query('INSERT INTO `hero_slideshow` (`title`, `description`, `image_url`, `sort_order`, `is_active`, `duration`, `button_label`, `button_url`, `button_class`, `created_at`, `updated_at`) VALUES (:title:, :description:, :image_url:, :sort_order:, :is_active:, :duration:, :button_label:, :button_url:, :button_class:, :created_at:, :updated_at:)', [...], false)
 4 SYSTEMPATH\Model.php(394): CodeIgniter\Database\BaseBuilder->insert()
 5 SYSTEMPATH\BaseModel.php(838): CodeIgniter\Model->doInsert([...])
 6 SYSTEMPATH\Model.php(797): CodeIgniter\BaseModel->insert([...], true)
 7 APPPATH\Controllers\Admin.php(1060): CodeIgniter\Model->insert([...])
 8 SYSTEMPATH\CodeIgniter.php(933): App\Controllers\Admin->save_slideshow()
 9 SYSTEMPATH\CodeIgniter.php(507): CodeIgniter\CodeIgniter->runController(Object(App\Controllers\Admin))
10 SYSTEMPATH\CodeIgniter.php(354): CodeIgniter\CodeIgniter->handleRequest(null, Object(Config\Cache), false)
11 SYSTEMPATH\Boot.php(363): CodeIgniter\CodeIgniter->run()
12 SYSTEMPATH\Boot.php(68): CodeIgniter\Boot::runCodeIgniter(Object(CodeIgniter\CodeIgniter))
13 FCPATH\index.php(70): CodeIgniter\Boot::bootWeb(Object(Config\Paths))
CRITICAL - 2026-01-16 14:10:21 --> [Caused by] mysqli_sql_exception: Unknown column 'duration' in 'field list'
in SYSTEMPATH\Database\MySQLi\Connection.php on line 327.
 1 SYSTEMPATH\Database\MySQLi\Connection.php(327): mysqli->query('INSERT INTO `hero_slideshow` (`title`, `description`, `image_url`, `sort_order`, `is_active`, `duration`, `button_label`, `button_url`, `button_class`, `created_at`, `updated_at`) VALUES (\'JAJAL\', \'\', \'uploads/hero/696a46cd041ea_Biru Oranye Abstrak Minimalis Persewaan Alat Kemah Twitter Header (1).png\', 2, 1, 4903, \'\', \'http://localhost:8080/dinara/ESTIMASI\', \'btn-primary\', \'2026-01-16 14:10:21\', \'2026-01-16 14:10:21\')', 0)
 2 SYSTEMPATH\Database\BaseConnection.php(729): CodeIgniter\Database\MySQLi\Connection->execute('INSERT INTO `hero_slideshow` (`title`, `description`, `image_url`, `sort_order`, `is_active`, `duration`, `button_label`, `button_url`, `button_class`, `created_at`, `updated_at`) VALUES (\'JAJAL\', \'\', \'uploads/hero/696a46cd041ea_Biru Oranye Abstrak Minimalis Persewaan Alat Kemah Twitter Header (1).png\', 2, 1, 4903, \'\', \'http://localhost:8080/dinara/ESTIMASI\', \'btn-primary\', \'2026-01-16 14:10:21\', \'2026-01-16 14:10:21\')')
 3 SYSTEMPATH\Database\BaseConnection.php(646): CodeIgniter\Database\BaseConnection->simpleQuery('INSERT INTO `hero_slideshow` (`title`, `description`, `image_url`, `sort_order`, `is_active`, `duration`, `button_label`, `button_url`, `button_class`, `created_at`, `updated_at`) VALUES (\'JAJAL\', \'\', \'uploads/hero/696a46cd041ea_Biru Oranye Abstrak Minimalis Persewaan Alat Kemah Twitter Header (1).png\', 2, 1, 4903, \'\', \'http://localhost:8080/dinara/ESTIMASI\', \'btn-primary\', \'2026-01-16 14:10:21\', \'2026-01-16 14:10:21\')')
 4 SYSTEMPATH\Database\BaseBuilder.php(2345): CodeIgniter\Database\BaseConnection->query('INSERT INTO `hero_slideshow` (`title`, `description`, `image_url`, `sort_order`, `is_active`, `duration`, `button_label`, `button_url`, `button_class`, `created_at`, `updated_at`) VALUES (:title:, :description:, :image_url:, :sort_order:, :is_active:, :duration:, :button_label:, :button_url:, :button_class:, :created_at:, :updated_at:)', [...], false)
 5 SYSTEMPATH\Model.php(394): CodeIgniter\Database\BaseBuilder->insert()
 6 SYSTEMPATH\BaseModel.php(838): CodeIgniter\Model->doInsert([...])
 7 SYSTEMPATH\Model.php(797): CodeIgniter\BaseModel->insert([...], true)
 8 APPPATH\Controllers\Admin.php(1060): CodeIgniter\Model->insert([...])
 9 SYSTEMPATH\CodeIgniter.php(933): App\Controllers\Admin->save_slideshow()
10 SYSTEMPATH\CodeIgniter.php(507): CodeIgniter\CodeIgniter->runController(Object(App\Controllers\Admin))
11 SYSTEMPATH\CodeIgniter.php(354): CodeIgniter\CodeIgniter->handleRequest(null, Object(Config\Cache), false)
12 SYSTEMPATH\Boot.php(363): CodeIgniter\CodeIgniter->run()
13 SYSTEMPATH\Boot.php(68): CodeIgniter\Boot::runCodeIgniter(Object(CodeIgniter\CodeIgniter))
14 FCPATH\index.php(70): CodeIgniter\Boot::bootWeb(Object(Config\Paths))
ERROR - 2026-01-16 14:10:26 --> mysqli_sql_exception: Unknown column 'duration' in 'field list' in C:\xampp\htdocs\dinara\system\Database\MySQLi\Connection.php:327
Stack trace:
#0 C:\xampp\htdocs\dinara\system\Database\MySQLi\Connection.php(327): mysqli->query('INSERT INTO `he...', 0)
#1 C:\xampp\htdocs\dinara\system\Database\BaseConnection.php(729): CodeIgniter\Database\MySQLi\Connection->execute('INSERT INTO `he...')
#2 C:\xampp\htdocs\dinara\system\Database\BaseConnection.php(646): CodeIgniter\Database\BaseConnection->simpleQuery('INSERT INTO `he...')
#3 C:\xampp\htdocs\dinara\system\Database\BaseBuilder.php(2345): CodeIgniter\Database\BaseConnection->query('INSERT INTO `he...', Array, false)
#4 C:\xampp\htdocs\dinara\system\Model.php(394): CodeIgniter\Database\BaseBuilder->insert()
#5 C:\xampp\htdocs\dinara\system\BaseModel.php(838): CodeIgniter\Model->doInsert(Array)
#6 C:\xampp\htdocs\dinara\system\Model.php(797): CodeIgniter\BaseModel->insert(Array, true)
#7 C:\xampp\htdocs\dinara\app\Controllers\Admin.php(1060): CodeIgniter\Model->insert(Array)
#8 C:\xampp\htdocs\dinara\system\CodeIgniter.php(933): App\Controllers\Admin->save_slideshow()
#9 C:\xampp\htdocs\dinara\system\CodeIgniter.php(507): CodeIgniter\CodeIgniter->runController(Object(App\Controllers\Admin))
#10 C:\xampp\htdocs\dinara\system\CodeIgniter.php(354): CodeIgniter\CodeIgniter->handleRequest(NULL, Object(Config\Cache), false)
#11 C:\xampp\htdocs\dinara\system\Boot.php(363): CodeIgniter\CodeIgniter->run()
#12 C:\xampp\htdocs\dinara\system\Boot.php(68): CodeIgniter\Boot::runCodeIgniter(Object(CodeIgniter\CodeIgniter))
#13 C:\xampp\htdocs\dinara\public\index.php(70): CodeIgniter\Boot::bootWeb(Object(Config\Paths))
#14 {main}
CRITICAL - 2026-01-16 14:10:26 --> CodeIgniter\Database\Exceptions\DatabaseException: Unknown column 'duration' in 'field list'
[Method: POST, Route: admin/save_slideshow]
in SYSTEMPATH\Database\BaseConnection.php on line 684.
 1 SYSTEMPATH\Database\BaseBuilder.php(2345): CodeIgniter\Database\BaseConnection->query('INSERT INTO `hero_slideshow` (`title`, `description`, `image_url`, `sort_order`, `is_active`, `duration`, `button_label`, `button_url`, `button_class`, `created_at`, `updated_at`) VALUES (:title:, :description:, :image_url:, :sort_order:, :is_active:, :duration:, :button_label:, :button_url:, :button_class:, :created_at:, :updated_at:)', [...], false)
 2 SYSTEMPATH\Model.php(394): CodeIgniter\Database\BaseBuilder->insert()
 3 SYSTEMPATH\BaseModel.php(838): CodeIgniter\Model->doInsert([...])
 4 SYSTEMPATH\Model.php(797): CodeIgniter\BaseModel->insert([...], true)
 5 APPPATH\Controllers\Admin.php(1060): CodeIgniter\Model->insert([...])
 6 SYSTEMPATH\CodeIgniter.php(933): App\Controllers\Admin->save_slideshow()
 7 SYSTEMPATH\CodeIgniter.php(507): CodeIgniter\CodeIgniter->runController(Object(App\Controllers\Admin))
 8 SYSTEMPATH\CodeIgniter.php(354): CodeIgniter\CodeIgniter->handleRequest(null, Object(Config\Cache), false)
 9 SYSTEMPATH\Boot.php(363): CodeIgniter\CodeIgniter->run()
10 SYSTEMPATH\Boot.php(68): CodeIgniter\Boot::runCodeIgniter(Object(CodeIgniter\CodeIgniter))
11 FCPATH\index.php(70): CodeIgniter\Boot::bootWeb(Object(Config\Paths))
CRITICAL - 2026-01-16 14:10:26 --> [Caused by] CodeIgniter\Database\Exceptions\DatabaseException: Unknown column 'duration' in 'field list'
in SYSTEMPATH\Database\MySQLi\Connection.php on line 332.
 1 SYSTEMPATH\Database\BaseConnection.php(729): CodeIgniter\Database\MySQLi\Connection->execute('INSERT INTO `hero_slideshow` (`title`, `description`, `image_url`, `sort_order`, `is_active`, `duration`, `button_label`, `button_url`, `button_class`, `created_at`, `updated_at`) VALUES (\'JAJAL\', \'\', \'uploads/hero/696a46d2c2a23_Biru Oranye Abstrak Minimalis Persewaan Alat Kemah Twitter Header (1).png\', 2, 1, 4903, \'\', \'http://localhost:8080/dinara/ESTIMASI\', \'btn-primary\', \'2026-01-16 14:10:26\', \'2026-01-16 14:10:26\')')
 2 SYSTEMPATH\Database\BaseConnection.php(646): CodeIgniter\Database\BaseConnection->simpleQuery('INSERT INTO `hero_slideshow` (`title`, `description`, `image_url`, `sort_order`, `is_active`, `duration`, `button_label`, `button_url`, `button_class`, `created_at`, `updated_at`) VALUES (\'JAJAL\', \'\', \'uploads/hero/696a46d2c2a23_Biru Oranye Abstrak Minimalis Persewaan Alat Kemah Twitter Header (1).png\', 2, 1, 4903, \'\', \'http://localhost:8080/dinara/ESTIMASI\', \'btn-primary\', \'2026-01-16 14:10:26\', \'2026-01-16 14:10:26\')')
 3 SYSTEMPATH\Database\BaseBuilder.php(2345): CodeIgniter\Database\BaseConnection->query('INSERT INTO `hero_slideshow` (`title`, `description`, `image_url`, `sort_order`, `is_active`, `duration`, `button_label`, `button_url`, `button_class`, `created_at`, `updated_at`) VALUES (:title:, :description:, :image_url:, :sort_order:, :is_active:, :duration:, :button_label:, :button_url:, :button_class:, :created_at:, :updated_at:)', [...], false)
 4 SYSTEMPATH\Model.php(394): CodeIgniter\Database\BaseBuilder->insert()
 5 SYSTEMPATH\BaseModel.php(838): CodeIgniter\Model->doInsert([...])
 6 SYSTEMPATH\Model.php(797): CodeIgniter\BaseModel->insert([...], true)
 7 APPPATH\Controllers\Admin.php(1060): CodeIgniter\Model->insert([...])
 8 SYSTEMPATH\CodeIgniter.php(933): App\Controllers\Admin->save_slideshow()
 9 SYSTEMPATH\CodeIgniter.php(507): CodeIgniter\CodeIgniter->runController(Object(App\Controllers\Admin))
10 SYSTEMPATH\CodeIgniter.php(354): CodeIgniter\CodeIgniter->handleRequest(null, Object(Config\Cache), false)
11 SYSTEMPATH\Boot.php(363): CodeIgniter\CodeIgniter->run()
12 SYSTEMPATH\Boot.php(68): CodeIgniter\Boot::runCodeIgniter(Object(CodeIgniter\CodeIgniter))
13 FCPATH\index.php(70): CodeIgniter\Boot::bootWeb(Object(Config\Paths))
CRITICAL - 2026-01-16 14:10:26 --> [Caused by] mysqli_sql_exception: Unknown column 'duration' in 'field list'
in SYSTEMPATH\Database\MySQLi\Connection.php on line 327.
 1 SYSTEMPATH\Database\MySQLi\Connection.php(327): mysqli->query('INSERT INTO `hero_slideshow` (`title`, `description`, `image_url`, `sort_order`, `is_active`, `duration`, `button_label`, `button_url`, `button_class`, `created_at`, `updated_at`) VALUES (\'JAJAL\', \'\', \'uploads/hero/696a46d2c2a23_Biru Oranye Abstrak Minimalis Persewaan Alat Kemah Twitter Header (1).png\', 2, 1, 4903, \'\', \'http://localhost:8080/dinara/ESTIMASI\', \'btn-primary\', \'2026-01-16 14:10:26\', \'2026-01-16 14:10:26\')', 0)
 2 SYSTEMPATH\Database\BaseConnection.php(729): CodeIgniter\Database\MySQLi\Connection->execute('INSERT INTO `hero_slideshow` (`title`, `description`, `image_url`, `sort_order`, `is_active`, `duration`, `button_label`, `button_url`, `button_class`, `created_at`, `updated_at`) VALUES (\'JAJAL\', \'\', \'uploads/hero/696a46d2c2a23_Biru Oranye Abstrak Minimalis Persewaan Alat Kemah Twitter Header (1).png\', 2, 1, 4903, \'\', \'http://localhost:8080/dinara/ESTIMASI\', \'btn-primary\', \'2026-01-16 14:10:26\', \'2026-01-16 14:10:26\')')
 3 SYSTEMPATH\Database\BaseConnection.php(646): CodeIgniter\Database\BaseConnection->simpleQuery('INSERT INTO `hero_slideshow` (`title`, `description`, `image_url`, `sort_order`, `is_active`, `duration`, `button_label`, `button_url`, `button_class`, `created_at`, `updated_at`) VALUES (\'JAJAL\', \'\', \'uploads/hero/696a46d2c2a23_Biru Oranye Abstrak Minimalis Persewaan Alat Kemah Twitter Header (1).png\', 2, 1, 4903, \'\', \'http://localhost:8080/dinara/ESTIMASI\', \'btn-primary\', \'2026-01-16 14:10:26\', \'2026-01-16 14:10:26\')')
 4 SYSTEMPATH\Database\BaseBuilder.php(2345): CodeIgniter\Database\BaseConnection->query('INSERT INTO `hero_slideshow` (`title`, `description`, `image_url`, `sort_order`, `is_active`, `duration`, `button_label`, `button_url`, `button_class`, `created_at`, `updated_at`) VALUES (:title:, :description:, :image_url:, :sort_order:, :is_active:, :duration:, :button_label:, :button_url:, :button_class:, :created_at:, :updated_at:)', [...], false)
 5 SYSTEMPATH\Model.php(394): CodeIgniter\Database\BaseBuilder->insert()
 6 SYSTEMPATH\BaseModel.php(838): CodeIgniter\Model->doInsert([...])
 7 SYSTEMPATH\Model.php(797): CodeIgniter\BaseModel->insert([...], true)
 8 APPPATH\Controllers\Admin.php(1060): CodeIgniter\Model->insert([...])
 9 SYSTEMPATH\CodeIgniter.php(933): App\Controllers\Admin->save_slideshow()
10 SYSTEMPATH\CodeIgniter.php(507): CodeIgniter\CodeIgniter->runController(Object(App\Controllers\Admin))
11 SYSTEMPATH\CodeIgniter.php(354): CodeIgniter\CodeIgniter->handleRequest(null, Object(Config\Cache), false)
12 SYSTEMPATH\Boot.php(363): CodeIgniter\CodeIgniter->run()
13 SYSTEMPATH\Boot.php(68): CodeIgniter\Boot::runCodeIgniter(Object(CodeIgniter\CodeIgniter))
14 FCPATH\index.php(70): CodeIgniter\Boot::bootWeb(Object(Config\Paths))
ERROR - 2026-01-16 14:10:42 --> mysqli_sql_exception: Unknown column 'duration' in 'field list' in C:\xampp\htdocs\dinara\system\Database\MySQLi\Connection.php:327
Stack trace:
#0 C:\xampp\htdocs\dinara\system\Database\MySQLi\Connection.php(327): mysqli->query('INSERT INTO `he...', 0)
#1 C:\xampp\htdocs\dinara\system\Database\BaseConnection.php(729): CodeIgniter\Database\MySQLi\Connection->execute('INSERT INTO `he...')
#2 C:\xampp\htdocs\dinara\system\Database\BaseConnection.php(646): CodeIgniter\Database\BaseConnection->simpleQuery('INSERT INTO `he...')
#3 C:\xampp\htdocs\dinara\system\Database\BaseBuilder.php(2345): CodeIgniter\Database\BaseConnection->query('INSERT INTO `he...', Array, false)
#4 C:\xampp\htdocs\dinara\system\Model.php(394): CodeIgniter\Database\BaseBuilder->insert()
#5 C:\xampp\htdocs\dinara\system\BaseModel.php(838): CodeIgniter\Model->doInsert(Array)
#6 C:\xampp\htdocs\dinara\system\Model.php(797): CodeIgniter\BaseModel->insert(Array, true)
#7 C:\xampp\htdocs\dinara\app\Controllers\Admin.php(1060): CodeIgniter\Model->insert(Array)
#8 C:\xampp\htdocs\dinara\system\CodeIgniter.php(933): App\Controllers\Admin->save_slideshow()
#9 C:\xampp\htdocs\dinara\system\CodeIgniter.php(507): CodeIgniter\CodeIgniter->runController(Object(App\Controllers\Admin))
#10 C:\xampp\htdocs\dinara\system\CodeIgniter.php(354): CodeIgniter\CodeIgniter->handleRequest(NULL, Object(Config\Cache), false)
#11 C:\xampp\htdocs\dinara\system\Boot.php(363): CodeIgniter\CodeIgniter->run()
#12 C:\xampp\htdocs\dinara\system\Boot.php(68): CodeIgniter\Boot::runCodeIgniter(Object(CodeIgniter\CodeIgniter))
#13 C:\xampp\htdocs\dinara\public\index.php(70): CodeIgniter\Boot::bootWeb(Object(Config\Paths))
#14 {main}
CRITICAL - 2026-01-16 14:10:42 --> CodeIgniter\Database\Exceptions\DatabaseException: Unknown column 'duration' in 'field list'
[Method: POST, Route: admin/save_slideshow]
in SYSTEMPATH\Database\BaseConnection.php on line 684.
 1 SYSTEMPATH\Database\BaseBuilder.php(2345): CodeIgniter\Database\BaseConnection->query('INSERT INTO `hero_slideshow` (`title`, `description`, `image_url`, `sort_order`, `is_active`, `duration`, `button_label`, `button_url`, `button_class`, `created_at`, `updated_at`) VALUES (:title:, :description:, :image_url:, :sort_order:, :is_active:, :duration:, :button_label:, :button_url:, :button_class:, :created_at:, :updated_at:)', [...], false)
 2 SYSTEMPATH\Model.php(394): CodeIgniter\Database\BaseBuilder->insert()
 3 SYSTEMPATH\BaseModel.php(838): CodeIgniter\Model->doInsert([...])
 4 SYSTEMPATH\Model.php(797): CodeIgniter\BaseModel->insert([...], true)
 5 APPPATH\Controllers\Admin.php(1060): CodeIgniter\Model->insert([...])
 6 SYSTEMPATH\CodeIgniter.php(933): App\Controllers\Admin->save_slideshow()
 7 SYSTEMPATH\CodeIgniter.php(507): CodeIgniter\CodeIgniter->runController(Object(App\Controllers\Admin))
 8 SYSTEMPATH\CodeIgniter.php(354): CodeIgniter\CodeIgniter->handleRequest(null, Object(Config\Cache), false)
 9 SYSTEMPATH\Boot.php(363): CodeIgniter\CodeIgniter->run()
10 SYSTEMPATH\Boot.php(68): CodeIgniter\Boot::runCodeIgniter(Object(CodeIgniter\CodeIgniter))
11 FCPATH\index.php(70): CodeIgniter\Boot::bootWeb(Object(Config\Paths))
CRITICAL - 2026-01-16 14:10:42 --> [Caused by] CodeIgniter\Database\Exceptions\DatabaseException: Unknown column 'duration' in 'field list'
in SYSTEMPATH\Database\MySQLi\Connection.php on line 332.
 1 SYSTEMPATH\Database\BaseConnection.php(729): CodeIgniter\Database\MySQLi\Connection->execute('INSERT INTO `hero_slideshow` (`title`, `description`, `image_url`, `sort_order`, `is_active`, `duration`, `button_label`, `button_url`, `button_class`, `created_at`, `updated_at`) VALUES (\'JAJAL\', \'\', \'uploads/hero/696a46e2bd9f5_Biru Oranye Abstrak Minimalis Persewaan Alat Kemah Twitter Header (1).png\', 2, 1, 5000, \'\', \'http://localhost:8080/dinara/ESTIMASI\', \'btn-primary\', \'2026-01-16 14:10:42\', \'2026-01-16 14:10:42\')')
 2 SYSTEMPATH\Database\BaseConnection.php(646): CodeIgniter\Database\BaseConnection->simpleQuery('INSERT INTO `hero_slideshow` (`title`, `description`, `image_url`, `sort_order`, `is_active`, `duration`, `button_label`, `button_url`, `button_class`, `created_at`, `updated_at`) VALUES (\'JAJAL\', \'\', \'uploads/hero/696a46e2bd9f5_Biru Oranye Abstrak Minimalis Persewaan Alat Kemah Twitter Header (1).png\', 2, 1, 5000, \'\', \'http://localhost:8080/dinara/ESTIMASI\', \'btn-primary\', \'2026-01-16 14:10:42\', \'2026-01-16 14:10:42\')')
 3 SYSTEMPATH\Database\BaseBuilder.php(2345): CodeIgniter\Database\BaseConnection->query('INSERT INTO `hero_slideshow` (`title`, `description`, `image_url`, `sort_order`, `is_active`, `duration`, `button_label`, `button_url`, `button_class`, `created_at`, `updated_at`) VALUES (:title:, :description:, :image_url:, :sort_order:, :is_active:, :duration:, :button_label:, :button_url:, :button_class:, :created_at:, :updated_at:)', [...], false)
 4 SYSTEMPATH\Model.php(394): CodeIgniter\Database\BaseBuilder->insert()
 5 SYSTEMPATH\BaseModel.php(838): CodeIgniter\Model->doInsert([...])
 6 SYSTEMPATH\Model.php(797): CodeIgniter\BaseModel->insert([...], true)
 7 APPPATH\Controllers\Admin.php(1060): CodeIgniter\Model->insert([...])
 8 SYSTEMPATH\CodeIgniter.php(933): App\Controllers\Admin->save_slideshow()
 9 SYSTEMPATH\CodeIgniter.php(507): CodeIgniter\CodeIgniter->runController(Object(App\Controllers\Admin))
10 SYSTEMPATH\CodeIgniter.php(354): CodeIgniter\CodeIgniter->handleRequest(null, Object(Config\Cache), false)
11 SYSTEMPATH\Boot.php(363): CodeIgniter\CodeIgniter->run()
12 SYSTEMPATH\Boot.php(68): CodeIgniter\Boot::runCodeIgniter(Object(CodeIgniter\CodeIgniter))
13 FCPATH\index.php(70): CodeIgniter\Boot::bootWeb(Object(Config\Paths))
CRITICAL - 2026-01-16 14:10:42 --> [Caused by] mysqli_sql_exception: Unknown column 'duration' in 'field list'
in SYSTEMPATH\Database\MySQLi\Connection.php on line 327.
 1 SYSTEMPATH\Database\MySQLi\Connection.php(327): mysqli->query('INSERT INTO `hero_slideshow` (`title`, `description`, `image_url`, `sort_order`, `is_active`, `duration`, `button_label`, `button_url`, `button_class`, `created_at`, `updated_at`) VALUES (\'JAJAL\', \'\', \'uploads/hero/696a46e2bd9f5_Biru Oranye Abstrak Minimalis Persewaan Alat Kemah Twitter Header (1).png\', 2, 1, 5000, \'\', \'http://localhost:8080/dinara/ESTIMASI\', \'btn-primary\', \'2026-01-16 14:10:42\', \'2026-01-16 14:10:42\')', 0)
 2 SYSTEMPATH\Database\BaseConnection.php(729): CodeIgniter\Database\MySQLi\Connection->execute('INSERT INTO `hero_slideshow` (`title`, `description`, `image_url`, `sort_order`, `is_active`, `duration`, `button_label`, `button_url`, `button_class`, `created_at`, `updated_at`) VALUES (\'JAJAL\', \'\', \'uploads/hero/696a46e2bd9f5_Biru Oranye Abstrak Minimalis Persewaan Alat Kemah Twitter Header (1).png\', 2, 1, 5000, \'\', \'http://localhost:8080/dinara/ESTIMASI\', \'btn-primary\', \'2026-01-16 14:10:42\', \'2026-01-16 14:10:42\')')
 3 SYSTEMPATH\Database\BaseConnection.php(646): CodeIgniter\Database\BaseConnection->simpleQuery('INSERT INTO `hero_slideshow` (`title`, `description`, `image_url`, `sort_order`, `is_active`, `duration`, `button_label`, `button_url`, `button_class`, `created_at`, `updated_at`) VALUES (\'JAJAL\', \'\', \'uploads/hero/696a46e2bd9f5_Biru Oranye Abstrak Minimalis Persewaan Alat Kemah Twitter Header (1).png\', 2, 1, 5000, \'\', \'http://localhost:8080/dinara/ESTIMASI\', \'btn-primary\', \'2026-01-16 14:10:42\', \'2026-01-16 14:10:42\')')
 4 SYSTEMPATH\Database\BaseBuilder.php(2345): CodeIgniter\Database\BaseConnection->query('INSERT INTO `hero_slideshow` (`title`, `description`, `image_url`, `sort_order`, `is_active`, `duration`, `button_label`, `button_url`, `button_class`, `created_at`, `updated_at`) VALUES (:title:, :description:, :image_url:, :sort_order:, :is_active:, :duration:, :button_label:, :button_url:, :button_class:, :created_at:, :updated_at:)', [...], false)
 5 SYSTEMPATH\Model.php(394): CodeIgniter\Database\BaseBuilder->insert()
 6 SYSTEMPATH\BaseModel.php(838): CodeIgniter\Model->doInsert([...])
 7 SYSTEMPATH\Model.php(797): CodeIgniter\BaseModel->insert([...], true)
 8 APPPATH\Controllers\Admin.php(1060): CodeIgniter\Model->insert([...])
 9 SYSTEMPATH\CodeIgniter.php(933): App\Controllers\Admin->save_slideshow()
10 SYSTEMPATH\CodeIgniter.php(507): CodeIgniter\CodeIgniter->runController(Object(App\Controllers\Admin))
11 SYSTEMPATH\CodeIgniter.php(354): CodeIgniter\CodeIgniter->handleRequest(null, Object(Config\Cache), false)
12 SYSTEMPATH\Boot.php(363): CodeIgniter\CodeIgniter->run()
13 SYSTEMPATH\Boot.php(68): CodeIgniter\Boot::runCodeIgniter(Object(CodeIgniter\CodeIgniter))
14 FCPATH\index.php(70): CodeIgniter\Boot::bootWeb(Object(Config\Paths))
ERROR - 2026-01-16 14:11:36 --> mysqli_sql_exception: Unknown column 'duration' in 'field list' in C:\xampp\htdocs\dinara\system\Database\MySQLi\Connection.php:327
Stack trace:
#0 C:\xampp\htdocs\dinara\system\Database\MySQLi\Connection.php(327): mysqli->query('INSERT INTO `he...', 0)
#1 C:\xampp\htdocs\dinara\system\Database\BaseConnection.php(729): CodeIgniter\Database\MySQLi\Connection->execute('INSERT INTO `he...')
#2 C:\xampp\htdocs\dinara\system\Database\BaseConnection.php(646): CodeIgniter\Database\BaseConnection->simpleQuery('INSERT INTO `he...')
#3 C:\xampp\htdocs\dinara\system\Database\BaseBuilder.php(2345): CodeIgniter\Database\BaseConnection->query('INSERT INTO `he...', Array, false)
#4 C:\xampp\htdocs\dinara\system\Model.php(394): CodeIgniter\Database\BaseBuilder->insert()
#5 C:\xampp\htdocs\dinara\system\BaseModel.php(838): CodeIgniter\Model->doInsert(Array)
#6 C:\xampp\htdocs\dinara\system\Model.php(797): CodeIgniter\BaseModel->insert(Array, true)
#7 C:\xampp\htdocs\dinara\app\Controllers\Admin.php(1060): CodeIgniter\Model->insert(Array)
#8 C:\xampp\htdocs\dinara\system\CodeIgniter.php(933): App\Controllers\Admin->save_slideshow()
#9 C:\xampp\htdocs\dinara\system\CodeIgniter.php(507): CodeIgniter\CodeIgniter->runController(Object(App\Controllers\Admin))
#10 C:\xampp\htdocs\dinara\system\CodeIgniter.php(354): CodeIgniter\CodeIgniter->handleRequest(NULL, Object(Config\Cache), false)
#11 C:\xampp\htdocs\dinara\system\Boot.php(363): CodeIgniter\CodeIgniter->run()
#12 C:\xampp\htdocs\dinara\system\Boot.php(68): CodeIgniter\Boot::runCodeIgniter(Object(CodeIgniter\CodeIgniter))
#13 C:\xampp\htdocs\dinara\public\index.php(70): CodeIgniter\Boot::bootWeb(Object(Config\Paths))
#14 {main}
CRITICAL - 2026-01-16 14:11:36 --> CodeIgniter\Database\Exceptions\DatabaseException: Unknown column 'duration' in 'field list'
[Method: POST, Route: admin/save_slideshow]
in SYSTEMPATH\Database\BaseConnection.php on line 684.
 1 SYSTEMPATH\Database\BaseBuilder.php(2345): CodeIgniter\Database\BaseConnection->query('INSERT INTO `hero_slideshow` (`title`, `description`, `image_url`, `sort_order`, `is_active`, `duration`, `button_label`, `button_url`, `button_class`, `created_at`, `updated_at`) VALUES (:title:, :description:, :image_url:, :sort_order:, :is_active:, :duration:, :button_label:, :button_url:, :button_class:, :created_at:, :updated_at:)', [...], false)
 2 SYSTEMPATH\Model.php(394): CodeIgniter\Database\BaseBuilder->insert()
 3 SYSTEMPATH\BaseModel.php(838): CodeIgniter\Model->doInsert([...])
 4 SYSTEMPATH\Model.php(797): CodeIgniter\BaseModel->insert([...], true)
 5 APPPATH\Controllers\Admin.php(1060): CodeIgniter\Model->insert([...])
 6 SYSTEMPATH\CodeIgniter.php(933): App\Controllers\Admin->save_slideshow()
 7 SYSTEMPATH\CodeIgniter.php(507): CodeIgniter\CodeIgniter->runController(Object(App\Controllers\Admin))
 8 SYSTEMPATH\CodeIgniter.php(354): CodeIgniter\CodeIgniter->handleRequest(null, Object(Config\Cache), false)
 9 SYSTEMPATH\Boot.php(363): CodeIgniter\CodeIgniter->run()
10 SYSTEMPATH\Boot.php(68): CodeIgniter\Boot::runCodeIgniter(Object(CodeIgniter\CodeIgniter))
11 FCPATH\index.php(70): CodeIgniter\Boot::bootWeb(Object(Config\Paths))
CRITICAL - 2026-01-16 14:11:36 --> [Caused by] CodeIgniter\Database\Exceptions\DatabaseException: Unknown column 'duration' in 'field list'
in SYSTEMPATH\Database\MySQLi\Connection.php on line 332.
 1 SYSTEMPATH\Database\BaseConnection.php(729): CodeIgniter\Database\MySQLi\Connection->execute('INSERT INTO `hero_slideshow` (`title`, `description`, `image_url`, `sort_order`, `is_active`, `duration`, `button_label`, `button_url`, `button_class`, `created_at`, `updated_at`) VALUES (\'JAJAL\', \'\', \'uploads/hero/696a4718c6776_Biru Oranye Abstrak Minimalis Persewaan Alat Kemah Twitter Header (1).png\', 2, 1, 5000, \'\', \'http://localhost:8080/dinara/ESTIMASI\', \'btn-primary\', \'2026-01-16 14:11:36\', \'2026-01-16 14:11:36\')')
 2 SYSTEMPATH\Database\BaseConnection.php(646): CodeIgniter\Database\BaseConnection->simpleQuery('INSERT INTO `hero_slideshow` (`title`, `description`, `image_url`, `sort_order`, `is_active`, `duration`, `button_label`, `button_url`, `button_class`, `created_at`, `updated_at`) VALUES (\'JAJAL\', \'\', \'uploads/hero/696a4718c6776_Biru Oranye Abstrak Minimalis Persewaan Alat Kemah Twitter Header (1).png\', 2, 1, 5000, \'\', \'http://localhost:8080/dinara/ESTIMASI\', \'btn-primary\', \'2026-01-16 14:11:36\', \'2026-01-16 14:11:36\')')
 3 SYSTEMPATH\Database\BaseBuilder.php(2345): CodeIgniter\Database\BaseConnection->query('INSERT INTO `hero_slideshow` (`title`, `description`, `image_url`, `sort_order`, `is_active`, `duration`, `button_label`, `button_url`, `button_class`, `created_at`, `updated_at`) VALUES (:title:, :description:, :image_url:, :sort_order:, :is_active:, :duration:, :button_label:, :button_url:, :button_class:, :created_at:, :updated_at:)', [...], false)
 4 SYSTEMPATH\Model.php(394): CodeIgniter\Database\BaseBuilder->insert()
 5 SYSTEMPATH\BaseModel.php(838): CodeIgniter\Model->doInsert([...])
 6 SYSTEMPATH\Model.php(797): CodeIgniter\BaseModel->insert([...], true)
 7 APPPATH\Controllers\Admin.php(1060): CodeIgniter\Model->insert([...])
 8 SYSTEMPATH\CodeIgniter.php(933): App\Controllers\Admin->save_slideshow()
 9 SYSTEMPATH\CodeIgniter.php(507): CodeIgniter\CodeIgniter->runController(Object(App\Controllers\Admin))
10 SYSTEMPATH\CodeIgniter.php(354): CodeIgniter\CodeIgniter->handleRequest(null, Object(Config\Cache), false)
11 SYSTEMPATH\Boot.php(363): CodeIgniter\CodeIgniter->run()
12 SYSTEMPATH\Boot.php(68): CodeIgniter\Boot::runCodeIgniter(Object(CodeIgniter\CodeIgniter))
13 FCPATH\index.php(70): CodeIgniter\Boot::bootWeb(Object(Config\Paths))
CRITICAL - 2026-01-16 14:11:36 --> [Caused by] mysqli_sql_exception: Unknown column 'duration' in 'field list'
in SYSTEMPATH\Database\MySQLi\Connection.php on line 327.
 1 SYSTEMPATH\Database\MySQLi\Connection.php(327): mysqli->query('INSERT INTO `hero_slideshow` (`title`, `description`, `image_url`, `sort_order`, `is_active`, `duration`, `button_label`, `button_url`, `button_class`, `created_at`, `updated_at`) VALUES (\'JAJAL\', \'\', \'uploads/hero/696a4718c6776_Biru Oranye Abstrak Minimalis Persewaan Alat Kemah Twitter Header (1).png\', 2, 1, 5000, \'\', \'http://localhost:8080/dinara/ESTIMASI\', \'btn-primary\', \'2026-01-16 14:11:36\', \'2026-01-16 14:11:36\')', 0)
 2 SYSTEMPATH\Database\BaseConnection.php(729): CodeIgniter\Database\MySQLi\Connection->execute('INSERT INTO `hero_slideshow` (`title`, `description`, `image_url`, `sort_order`, `is_active`, `duration`, `button_label`, `button_url`, `button_class`, `created_at`, `updated_at`) VALUES (\'JAJAL\', \'\', \'uploads/hero/696a4718c6776_Biru Oranye Abstrak Minimalis Persewaan Alat Kemah Twitter Header (1).png\', 2, 1, 5000, \'\', \'http://localhost:8080/dinara/ESTIMASI\', \'btn-primary\', \'2026-01-16 14:11:36\', \'2026-01-16 14:11:36\')')
 3 SYSTEMPATH\Database\BaseConnection.php(646): CodeIgniter\Database\BaseConnection->simpleQuery('INSERT INTO `hero_slideshow` (`title`, `description`, `image_url`, `sort_order`, `is_active`, `duration`, `button_label`, `button_url`, `button_class`, `created_at`, `updated_at`) VALUES (\'JAJAL\', \'\', \'uploads/hero/696a4718c6776_Biru Oranye Abstrak Minimalis Persewaan Alat Kemah Twitter Header (1).png\', 2, 1, 5000, \'\', \'http://localhost:8080/dinara/ESTIMASI\', \'btn-primary\', \'2026-01-16 14:11:36\', \'2026-01-16 14:11:36\')')
 4 SYSTEMPATH\Database\BaseBuilder.php(2345): CodeIgniter\Database\BaseConnection->query('INSERT INTO `hero_slideshow` (`title`, `description`, `image_url`, `sort_order`, `is_active`, `duration`, `button_label`, `button_url`, `button_class`, `created_at`, `updated_at`) VALUES (:title:, :description:, :image_url:, :sort_order:, :is_active:, :duration:, :button_label:, :button_url:, :button_class:, :created_at:, :updated_at:)', [...], false)
 5 SYSTEMPATH\Model.php(394): CodeIgniter\Database\BaseBuilder->insert()
 6 SYSTEMPATH\BaseModel.php(838): CodeIgniter\Model->doInsert([...])
 7 SYSTEMPATH\Model.php(797): CodeIgniter\BaseModel->insert([...], true)
 8 APPPATH\Controllers\Admin.php(1060): CodeIgniter\Model->insert([...])
 9 SYSTEMPATH\CodeIgniter.php(933): App\Controllers\Admin->save_slideshow()
10 SYSTEMPATH\CodeIgniter.php(507): CodeIgniter\CodeIgniter->runController(Object(App\Controllers\Admin))
11 SYSTEMPATH\CodeIgniter.php(354): CodeIgniter\CodeIgniter->handleRequest(null, Object(Config\Cache), false)
12 SYSTEMPATH\Boot.php(363): CodeIgniter\CodeIgniter->run()
13 SYSTEMPATH\Boot.php(68): CodeIgniter\Boot::runCodeIgniter(Object(CodeIgniter\CodeIgniter))
14 FCPATH\index.php(70): CodeIgniter\Boot::bootWeb(Object(Config\Paths))
ERROR - 2026-01-16 14:12:41 --> mysqli_sql_exception: Unknown column 'duration' in 'field list' in C:\xampp\htdocs\dinara\system\Database\MySQLi\Connection.php:327
Stack trace:
#0 C:\xampp\htdocs\dinara\system\Database\MySQLi\Connection.php(327): mysqli->query('INSERT INTO `he...', 0)
#1 C:\xampp\htdocs\dinara\system\Database\BaseConnection.php(729): CodeIgniter\Database\MySQLi\Connection->execute('INSERT INTO `he...')
#2 C:\xampp\htdocs\dinara\system\Database\BaseConnection.php(646): CodeIgniter\Database\BaseConnection->simpleQuery('INSERT INTO `he...')
#3 C:\xampp\htdocs\dinara\system\Database\BaseBuilder.php(2345): CodeIgniter\Database\BaseConnection->query('INSERT INTO `he...', Array, false)
#4 C:\xampp\htdocs\dinara\system\Model.php(394): CodeIgniter\Database\BaseBuilder->insert()
#5 C:\xampp\htdocs\dinara\system\BaseModel.php(838): CodeIgniter\Model->doInsert(Array)
#6 C:\xampp\htdocs\dinara\system\Model.php(797): CodeIgniter\BaseModel->insert(Array, true)
#7 C:\xampp\htdocs\dinara\app\Controllers\Admin.php(1060): CodeIgniter\Model->insert(Array)
#8 C:\xampp\htdocs\dinara\system\CodeIgniter.php(933): App\Controllers\Admin->save_slideshow()
#9 C:\xampp\htdocs\dinara\system\CodeIgniter.php(507): CodeIgniter\CodeIgniter->runController(Object(App\Controllers\Admin))
#10 C:\xampp\htdocs\dinara\system\CodeIgniter.php(354): CodeIgniter\CodeIgniter->handleRequest(NULL, Object(Config\Cache), false)
#11 C:\xampp\htdocs\dinara\system\Boot.php(363): CodeIgniter\CodeIgniter->run()
#12 C:\xampp\htdocs\dinara\system\Boot.php(68): CodeIgniter\Boot::runCodeIgniter(Object(CodeIgniter\CodeIgniter))
#13 C:\xampp\htdocs\dinara\public\index.php(70): CodeIgniter\Boot::bootWeb(Object(Config\Paths))
#14 {main}
CRITICAL - 2026-01-16 14:12:41 --> CodeIgniter\Database\Exceptions\DatabaseException: Unknown column 'duration' in 'field list'
[Method: POST, Route: admin/save_slideshow]
in SYSTEMPATH\Database\BaseConnection.php on line 684.
 1 SYSTEMPATH\Database\BaseBuilder.php(2345): CodeIgniter\Database\BaseConnection->query('INSERT INTO `hero_slideshow` (`title`, `description`, `image_url`, `sort_order`, `is_active`, `duration`, `button_label`, `button_url`, `button_class`, `created_at`, `updated_at`) VALUES (:title:, :description:, :image_url:, :sort_order:, :is_active:, :duration:, :button_label:, :button_url:, :button_class:, :created_at:, :updated_at:)', [...], false)
 2 SYSTEMPATH\Model.php(394): CodeIgniter\Database\BaseBuilder->insert()
 3 SYSTEMPATH\BaseModel.php(838): CodeIgniter\Model->doInsert([...])
 4 SYSTEMPATH\Model.php(797): CodeIgniter\BaseModel->insert([...], true)
 5 APPPATH\Controllers\Admin.php(1060): CodeIgniter\Model->insert([...])
 6 SYSTEMPATH\CodeIgniter.php(933): App\Controllers\Admin->save_slideshow()
 7 SYSTEMPATH\CodeIgniter.php(507): CodeIgniter\CodeIgniter->runController(Object(App\Controllers\Admin))
 8 SYSTEMPATH\CodeIgniter.php(354): CodeIgniter\CodeIgniter->handleRequest(null, Object(Config\Cache), false)
 9 SYSTEMPATH\Boot.php(363): CodeIgniter\CodeIgniter->run()
10 SYSTEMPATH\Boot.php(68): CodeIgniter\Boot::runCodeIgniter(Object(CodeIgniter\CodeIgniter))
11 FCPATH\index.php(70): CodeIgniter\Boot::bootWeb(Object(Config\Paths))
CRITICAL - 2026-01-16 14:12:41 --> [Caused by] CodeIgniter\Database\Exceptions\DatabaseException: Unknown column 'duration' in 'field list'
in SYSTEMPATH\Database\MySQLi\Connection.php on line 332.
 1 SYSTEMPATH\Database\BaseConnection.php(729): CodeIgniter\Database\MySQLi\Connection->execute('INSERT INTO `hero_slideshow` (`title`, `description`, `image_url`, `sort_order`, `is_active`, `duration`, `button_label`, `button_url`, `button_class`, `created_at`, `updated_at`) VALUES (\'\', \'\', \'uploads/hero/696a475932bf8_Biru Oranye Abstrak Minimalis Persewaan Alat Kemah Twitter Header (3).png\', 2, 1, 5000, \'hitung estimasi\', \'estimasi\', \'btn-warning\', \'2026-01-16 14:12:41\', \'2026-01-16 14:12:41\')')
 2 SYSTEMPATH\Database\BaseConnection.php(646): CodeIgniter\Database\BaseConnection->simpleQuery('INSERT INTO `hero_slideshow` (`title`, `description`, `image_url`, `sort_order`, `is_active`, `duration`, `button_label`, `button_url`, `button_class`, `created_at`, `updated_at`) VALUES (\'\', \'\', \'uploads/hero/696a475932bf8_Biru Oranye Abstrak Minimalis Persewaan Alat Kemah Twitter Header (3).png\', 2, 1, 5000, \'hitung estimasi\', \'estimasi\', \'btn-warning\', \'2026-01-16 14:12:41\', \'2026-01-16 14:12:41\')')
 3 SYSTEMPATH\Database\BaseBuilder.php(2345): CodeIgniter\Database\BaseConnection->query('INSERT INTO `hero_slideshow` (`title`, `description`, `image_url`, `sort_order`, `is_active`, `duration`, `button_label`, `button_url`, `button_class`, `created_at`, `updated_at`) VALUES (:title:, :description:, :image_url:, :sort_order:, :is_active:, :duration:, :button_label:, :button_url:, :button_class:, :created_at:, :updated_at:)', [...], false)
 4 SYSTEMPATH\Model.php(394): CodeIgniter\Database\BaseBuilder->insert()
 5 SYSTEMPATH\BaseModel.php(838): CodeIgniter\Model->doInsert([...])
 6 SYSTEMPATH\Model.php(797): CodeIgniter\BaseModel->insert([...], true)
 7 APPPATH\Controllers\Admin.php(1060): CodeIgniter\Model->insert([...])
 8 SYSTEMPATH\CodeIgniter.php(933): App\Controllers\Admin->save_slideshow()
 9 SYSTEMPATH\CodeIgniter.php(507): CodeIgniter\CodeIgniter->runController(Object(App\Controllers\Admin))
10 SYSTEMPATH\CodeIgniter.php(354): CodeIgniter\CodeIgniter->handleRequest(null, Object(Config\Cache), false)
11 SYSTEMPATH\Boot.php(363): CodeIgniter\CodeIgniter->run()
12 SYSTEMPATH\Boot.php(68): CodeIgniter\Boot::runCodeIgniter(Object(CodeIgniter\CodeIgniter))
13 FCPATH\index.php(70): CodeIgniter\Boot::bootWeb(Object(Config\Paths))
CRITICAL - 2026-01-16 14:12:41 --> [Caused by] mysqli_sql_exception: Unknown column 'duration' in 'field list'
in SYSTEMPATH\Database\MySQLi\Connection.php on line 327.
 1 SYSTEMPATH\Database\MySQLi\Connection.php(327): mysqli->query('INSERT INTO `hero_slideshow` (`title`, `description`, `image_url`, `sort_order`, `is_active`, `duration`, `button_label`, `button_url`, `button_class`, `created_at`, `updated_at`) VALUES (\'\', \'\', \'uploads/hero/696a475932bf8_Biru Oranye Abstrak Minimalis Persewaan Alat Kemah Twitter Header (3).png\', 2, 1, 5000, \'hitung estimasi\', \'estimasi\', \'btn-warning\', \'2026-01-16 14:12:41\', \'2026-01-16 14:12:41\')', 0)
 2 SYSTEMPATH\Database\BaseConnection.php(729): CodeIgniter\Database\MySQLi\Connection->execute('INSERT INTO `hero_slideshow` (`title`, `description`, `image_url`, `sort_order`, `is_active`, `duration`, `button_label`, `button_url`, `button_class`, `created_at`, `updated_at`) VALUES (\'\', \'\', \'uploads/hero/696a475932bf8_Biru Oranye Abstrak Minimalis Persewaan Alat Kemah Twitter Header (3).png\', 2, 1, 5000, \'hitung estimasi\', \'estimasi\', \'btn-warning\', \'2026-01-16 14:12:41\', \'2026-01-16 14:12:41\')')
 3 SYSTEMPATH\Database\BaseConnection.php(646): CodeIgniter\Database\BaseConnection->simpleQuery('INSERT INTO `hero_slideshow` (`title`, `description`, `image_url`, `sort_order`, `is_active`, `duration`, `button_label`, `button_url`, `button_class`, `created_at`, `updated_at`) VALUES (\'\', \'\', \'uploads/hero/696a475932bf8_Biru Oranye Abstrak Minimalis Persewaan Alat Kemah Twitter Header (3).png\', 2, 1, 5000, \'hitung estimasi\', \'estimasi\', \'btn-warning\', \'2026-01-16 14:12:41\', \'2026-01-16 14:12:41\')')
 4 SYSTEMPATH\Database\BaseBuilder.php(2345): CodeIgniter\Database\BaseConnection->query('INSERT INTO `hero_slideshow` (`title`, `description`, `image_url`, `sort_order`, `is_active`, `duration`, `button_label`, `button_url`, `button_class`, `created_at`, `updated_at`) VALUES (:title:, :description:, :image_url:, :sort_order:, :is_active:, :duration:, :button_label:, :button_url:, :button_class:, :created_at:, :updated_at:)', [...], false)
 5 SYSTEMPATH\Model.php(394): CodeIgniter\Database\BaseBuilder->insert()
 6 SYSTEMPATH\BaseModel.php(838): CodeIgniter\Model->doInsert([...])
 7 SYSTEMPATH\Model.php(797): CodeIgniter\BaseModel->insert([...], true)
 8 APPPATH\Controllers\Admin.php(1060): CodeIgniter\Model->insert([...])
 9 SYSTEMPATH\CodeIgniter.php(933): App\Controllers\Admin->save_slideshow()
10 SYSTEMPATH\CodeIgniter.php(507): CodeIgniter\CodeIgniter->runController(Object(App\Controllers\Admin))
11 SYSTEMPATH\CodeIgniter.php(354): CodeIgniter\CodeIgniter->handleRequest(null, Object(Config\Cache), false)
12 SYSTEMPATH\Boot.php(363): CodeIgniter\CodeIgniter->run()
13 SYSTEMPATH\Boot.php(68): CodeIgniter\Boot::runCodeIgniter(Object(CodeIgniter\CodeIgniter))
14 FCPATH\index.php(70): CodeIgniter\Boot::bootWeb(Object(Config\Paths))
ERROR - 2026-01-16 14:12:55 --> mysqli_sql_exception: Unknown column 'duration' in 'field list' in C:\xampp\htdocs\dinara\system\Database\MySQLi\Connection.php:327
Stack trace:
#0 C:\xampp\htdocs\dinara\system\Database\MySQLi\Connection.php(327): mysqli->query('INSERT INTO `he...', 0)
#1 C:\xampp\htdocs\dinara\system\Database\BaseConnection.php(729): CodeIgniter\Database\MySQLi\Connection->execute('INSERT INTO `he...')
#2 C:\xampp\htdocs\dinara\system\Database\BaseConnection.php(646): CodeIgniter\Database\BaseConnection->simpleQuery('INSERT INTO `he...')
#3 C:\xampp\htdocs\dinara\system\Database\BaseBuilder.php(2345): CodeIgniter\Database\BaseConnection->query('INSERT INTO `he...', Array, false)
#4 C:\xampp\htdocs\dinara\system\Model.php(394): CodeIgniter\Database\BaseBuilder->insert()
#5 C:\xampp\htdocs\dinara\system\BaseModel.php(838): CodeIgniter\Model->doInsert(Array)
#6 C:\xampp\htdocs\dinara\system\Model.php(797): CodeIgniter\BaseModel->insert(Array, true)
#7 C:\xampp\htdocs\dinara\app\Controllers\Admin.php(1060): CodeIgniter\Model->insert(Array)
#8 C:\xampp\htdocs\dinara\system\CodeIgniter.php(933): App\Controllers\Admin->save_slideshow()
#9 C:\xampp\htdocs\dinara\system\CodeIgniter.php(507): CodeIgniter\CodeIgniter->runController(Object(App\Controllers\Admin))
#10 C:\xampp\htdocs\dinara\system\CodeIgniter.php(354): CodeIgniter\CodeIgniter->handleRequest(NULL, Object(Config\Cache), false)
#11 C:\xampp\htdocs\dinara\system\Boot.php(363): CodeIgniter\CodeIgniter->run()
#12 C:\xampp\htdocs\dinara\system\Boot.php(68): CodeIgniter\Boot::runCodeIgniter(Object(CodeIgniter\CodeIgniter))
#13 C:\xampp\htdocs\dinara\public\index.php(70): CodeIgniter\Boot::bootWeb(Object(Config\Paths))
#14 {main}
CRITICAL - 2026-01-16 14:12:55 --> CodeIgniter\Database\Exceptions\DatabaseException: Unknown column 'duration' in 'field list'
[Method: POST, Route: admin/save_slideshow]
in SYSTEMPATH\Database\BaseConnection.php on line 684.
 1 SYSTEMPATH\Database\BaseBuilder.php(2345): CodeIgniter\Database\BaseConnection->query('INSERT INTO `hero_slideshow` (`title`, `description`, `image_url`, `sort_order`, `is_active`, `duration`, `button_label`, `button_url`, `button_class`, `created_at`, `updated_at`) VALUES (:title:, :description:, :image_url:, :sort_order:, :is_active:, :duration:, :button_label:, :button_url:, :button_class:, :created_at:, :updated_at:)', [...], false)
 2 SYSTEMPATH\Model.php(394): CodeIgniter\Database\BaseBuilder->insert()
 3 SYSTEMPATH\BaseModel.php(838): CodeIgniter\Model->doInsert([...])
 4 SYSTEMPATH\Model.php(797): CodeIgniter\BaseModel->insert([...], true)
 5 APPPATH\Controllers\Admin.php(1060): CodeIgniter\Model->insert([...])
 6 SYSTEMPATH\CodeIgniter.php(933): App\Controllers\Admin->save_slideshow()
 7 SYSTEMPATH\CodeIgniter.php(507): CodeIgniter\CodeIgniter->runController(Object(App\Controllers\Admin))
 8 SYSTEMPATH\CodeIgniter.php(354): CodeIgniter\CodeIgniter->handleRequest(null, Object(Config\Cache), false)
 9 SYSTEMPATH\Boot.php(363): CodeIgniter\CodeIgniter->run()
10 SYSTEMPATH\Boot.php(68): CodeIgniter\Boot::runCodeIgniter(Object(CodeIgniter\CodeIgniter))
11 FCPATH\index.php(70): CodeIgniter\Boot::bootWeb(Object(Config\Paths))
CRITICAL - 2026-01-16 14:12:55 --> [Caused by] CodeIgniter\Database\Exceptions\DatabaseException: Unknown column 'duration' in 'field list'
in SYSTEMPATH\Database\MySQLi\Connection.php on line 332.
 1 SYSTEMPATH\Database\BaseConnection.php(729): CodeIgniter\Database\MySQLi\Connection->execute('INSERT INTO `hero_slideshow` (`title`, `description`, `image_url`, `sort_order`, `is_active`, `duration`, `button_label`, `button_url`, `button_class`, `created_at`, `updated_at`) VALUES (\'\', \'\', \'uploads/hero/696a47675b9f4_Biru Oranye Abstrak Minimalis Persewaan Alat Kemah Twitter Header (3).png\', 2, 1, 5001, \'hitung estimasi\', \'estimasi\', \'btn-warning\', \'2026-01-16 14:12:55\', \'2026-01-16 14:12:55\')')
 2 SYSTEMPATH\Database\BaseConnection.php(646): CodeIgniter\Database\BaseConnection->simpleQuery('INSERT INTO `hero_slideshow` (`title`, `description`, `image_url`, `sort_order`, `is_active`, `duration`, `button_label`, `button_url`, `button_class`, `created_at`, `updated_at`) VALUES (\'\', \'\', \'uploads/hero/696a47675b9f4_Biru Oranye Abstrak Minimalis Persewaan Alat Kemah Twitter Header (3).png\', 2, 1, 5001, \'hitung estimasi\', \'estimasi\', \'btn-warning\', \'2026-01-16 14:12:55\', \'2026-01-16 14:12:55\')')
 3 SYSTEMPATH\Database\BaseBuilder.php(2345): CodeIgniter\Database\BaseConnection->query('INSERT INTO `hero_slideshow` (`title`, `description`, `image_url`, `sort_order`, `is_active`, `duration`, `button_label`, `button_url`, `button_class`, `created_at`, `updated_at`) VALUES (:title:, :description:, :image_url:, :sort_order:, :is_active:, :duration:, :button_label:, :button_url:, :button_class:, :created_at:, :updated_at:)', [...], false)
 4 SYSTEMPATH\Model.php(394): CodeIgniter\Database\BaseBuilder->insert()
 5 SYSTEMPATH\BaseModel.php(838): CodeIgniter\Model->doInsert([...])
 6 SYSTEMPATH\Model.php(797): CodeIgniter\BaseModel->insert([...], true)
 7 APPPATH\Controllers\Admin.php(1060): CodeIgniter\Model->insert([...])
 8 SYSTEMPATH\CodeIgniter.php(933): App\Controllers\Admin->save_slideshow()
 9 SYSTEMPATH\CodeIgniter.php(507): CodeIgniter\CodeIgniter->runController(Object(App\Controllers\Admin))
10 SYSTEMPATH\CodeIgniter.php(354): CodeIgniter\CodeIgniter->handleRequest(null, Object(Config\Cache), false)
11 SYSTEMPATH\Boot.php(363): CodeIgniter\CodeIgniter->run()
12 SYSTEMPATH\Boot.php(68): CodeIgniter\Boot::runCodeIgniter(Object(CodeIgniter\CodeIgniter))
13 FCPATH\index.php(70): CodeIgniter\Boot::bootWeb(Object(Config\Paths))
CRITICAL - 2026-01-16 14:12:55 --> [Caused by] mysqli_sql_exception: Unknown column 'duration' in 'field list'
in SYSTEMPATH\Database\MySQLi\Connection.php on line 327.
 1 SYSTEMPATH\Database\MySQLi\Connection.php(327): mysqli->query('INSERT INTO `hero_slideshow` (`title`, `description`, `image_url`, `sort_order`, `is_active`, `duration`, `button_label`, `button_url`, `button_class`, `created_at`, `updated_at`) VALUES (\'\', \'\', \'uploads/hero/696a47675b9f4_Biru Oranye Abstrak Minimalis Persewaan Alat Kemah Twitter Header (3).png\', 2, 1, 5001, \'hitung estimasi\', \'estimasi\', \'btn-warning\', \'2026-01-16 14:12:55\', \'2026-01-16 14:12:55\')', 0)
 2 SYSTEMPATH\Database\BaseConnection.php(729): CodeIgniter\Database\MySQLi\Connection->execute('INSERT INTO `hero_slideshow` (`title`, `description`, `image_url`, `sort_order`, `is_active`, `duration`, `button_label`, `button_url`, `button_class`, `created_at`, `updated_at`) VALUES (\'\', \'\', \'uploads/hero/696a47675b9f4_Biru Oranye Abstrak Minimalis Persewaan Alat Kemah Twitter Header (3).png\', 2, 1, 5001, \'hitung estimasi\', \'estimasi\', \'btn-warning\', \'2026-01-16 14:12:55\', \'2026-01-16 14:12:55\')')
 3 SYSTEMPATH\Database\BaseConnection.php(646): CodeIgniter\Database\BaseConnection->simpleQuery('INSERT INTO `hero_slideshow` (`title`, `description`, `image_url`, `sort_order`, `is_active`, `duration`, `button_label`, `button_url`, `button_class`, `created_at`, `updated_at`) VALUES (\'\', \'\', \'uploads/hero/696a47675b9f4_Biru Oranye Abstrak Minimalis Persewaan Alat Kemah Twitter Header (3).png\', 2, 1, 5001, \'hitung estimasi\', \'estimasi\', \'btn-warning\', \'2026-01-16 14:12:55\', \'2026-01-16 14:12:55\')')
 4 SYSTEMPATH\Database\BaseBuilder.php(2345): CodeIgniter\Database\BaseConnection->query('INSERT INTO `hero_slideshow` (`title`, `description`, `image_url`, `sort_order`, `is_active`, `duration`, `button_label`, `button_url`, `button_class`, `created_at`, `updated_at`) VALUES (:title:, :description:, :image_url:, :sort_order:, :is_active:, :duration:, :button_label:, :button_url:, :button_class:, :created_at:, :updated_at:)', [...], false)
 5 SYSTEMPATH\Model.php(394): CodeIgniter\Database\BaseBuilder->insert()
 6 SYSTEMPATH\BaseModel.php(838): CodeIgniter\Model->doInsert([...])
 7 SYSTEMPATH\Model.php(797): CodeIgniter\BaseModel->insert([...], true)
 8 APPPATH\Controllers\Admin.php(1060): CodeIgniter\Model->insert([...])
 9 SYSTEMPATH\CodeIgniter.php(933): App\Controllers\Admin->save_slideshow()
10 SYSTEMPATH\CodeIgniter.php(507): CodeIgniter\CodeIgniter->runController(Object(App\Controllers\Admin))
11 SYSTEMPATH\CodeIgniter.php(354): CodeIgniter\CodeIgniter->handleRequest(null, Object(Config\Cache), false)
12 SYSTEMPATH\Boot.php(363): CodeIgniter\CodeIgniter->run()
13 SYSTEMPATH\Boot.php(68): CodeIgniter\Boot::runCodeIgniter(Object(CodeIgniter\CodeIgniter))
14 FCPATH\index.php(70): CodeIgniter\Boot::bootWeb(Object(Config\Paths))
ERROR - 2026-01-16 14:13:04 --> mysqli_sql_exception: Unknown column 'duration' in 'field list' in C:\xampp\htdocs\dinara\system\Database\MySQLi\Connection.php:327
Stack trace:
#0 C:\xampp\htdocs\dinara\system\Database\MySQLi\Connection.php(327): mysqli->query('INSERT INTO `he...', 0)
#1 C:\xampp\htdocs\dinara\system\Database\BaseConnection.php(729): CodeIgniter\Database\MySQLi\Connection->execute('INSERT INTO `he...')
#2 C:\xampp\htdocs\dinara\system\Database\BaseConnection.php(646): CodeIgniter\Database\BaseConnection->simpleQuery('INSERT INTO `he...')
#3 C:\xampp\htdocs\dinara\system\Database\BaseBuilder.php(2345): CodeIgniter\Database\BaseConnection->query('INSERT INTO `he...', Array, false)
#4 C:\xampp\htdocs\dinara\system\Model.php(394): CodeIgniter\Database\BaseBuilder->insert()
#5 C:\xampp\htdocs\dinara\system\BaseModel.php(838): CodeIgniter\Model->doInsert(Array)
#6 C:\xampp\htdocs\dinara\system\Model.php(797): CodeIgniter\BaseModel->insert(Array, true)
#7 C:\xampp\htdocs\dinara\app\Controllers\Admin.php(1060): CodeIgniter\Model->insert(Array)
#8 C:\xampp\htdocs\dinara\system\CodeIgniter.php(933): App\Controllers\Admin->save_slideshow()
#9 C:\xampp\htdocs\dinara\system\CodeIgniter.php(507): CodeIgniter\CodeIgniter->runController(Object(App\Controllers\Admin))
#10 C:\xampp\htdocs\dinara\system\CodeIgniter.php(354): CodeIgniter\CodeIgniter->handleRequest(NULL, Object(Config\Cache), false)
#11 C:\xampp\htdocs\dinara\system\Boot.php(363): CodeIgniter\CodeIgniter->run()
#12 C:\xampp\htdocs\dinara\system\Boot.php(68): CodeIgniter\Boot::runCodeIgniter(Object(CodeIgniter\CodeIgniter))
#13 C:\xampp\htdocs\dinara\public\index.php(70): CodeIgniter\Boot::bootWeb(Object(Config\Paths))
#14 {main}
CRITICAL - 2026-01-16 14:13:04 --> CodeIgniter\Database\Exceptions\DatabaseException: Unknown column 'duration' in 'field list'
[Method: POST, Route: admin/save_slideshow]
in SYSTEMPATH\Database\BaseConnection.php on line 684.
 1 SYSTEMPATH\Database\BaseBuilder.php(2345): CodeIgniter\Database\BaseConnection->query('INSERT INTO `hero_slideshow` (`title`, `description`, `image_url`, `sort_order`, `is_active`, `duration`, `button_label`, `button_url`, `button_class`, `created_at`, `updated_at`) VALUES (:title:, :description:, :image_url:, :sort_order:, :is_active:, :duration:, :button_label:, :button_url:, :button_class:, :created_at:, :updated_at:)', [...], false)
 2 SYSTEMPATH\Model.php(394): CodeIgniter\Database\BaseBuilder->insert()
 3 SYSTEMPATH\BaseModel.php(838): CodeIgniter\Model->doInsert([...])
 4 SYSTEMPATH\Model.php(797): CodeIgniter\BaseModel->insert([...], true)
 5 APPPATH\Controllers\Admin.php(1060): CodeIgniter\Model->insert([...])
 6 SYSTEMPATH\CodeIgniter.php(933): App\Controllers\Admin->save_slideshow()
 7 SYSTEMPATH\CodeIgniter.php(507): CodeIgniter\CodeIgniter->runController(Object(App\Controllers\Admin))
 8 SYSTEMPATH\CodeIgniter.php(354): CodeIgniter\CodeIgniter->handleRequest(null, Object(Config\Cache), false)
 9 SYSTEMPATH\Boot.php(363): CodeIgniter\CodeIgniter->run()
10 SYSTEMPATH\Boot.php(68): CodeIgniter\Boot::runCodeIgniter(Object(CodeIgniter\CodeIgniter))
11 FCPATH\index.php(70): CodeIgniter\Boot::bootWeb(Object(Config\Paths))
CRITICAL - 2026-01-16 14:13:04 --> [Caused by] CodeIgniter\Database\Exceptions\DatabaseException: Unknown column 'duration' in 'field list'
in SYSTEMPATH\Database\MySQLi\Connection.php on line 332.
 1 SYSTEMPATH\Database\BaseConnection.php(729): CodeIgniter\Database\MySQLi\Connection->execute('INSERT INTO `hero_slideshow` (`title`, `description`, `image_url`, `sort_order`, `is_active`, `duration`, `button_label`, `button_url`, `button_class`, `created_at`, `updated_at`) VALUES (\'\', \'\', \'uploads/hero/696a4770b1e00_Biru Oranye Abstrak Minimalis Persewaan Alat Kemah Twitter Header (3).png\', 2, 1, 5001, \'hitung estimasi\', \'estimasi\', \'btn-warning\', \'2026-01-16 14:13:04\', \'2026-01-16 14:13:04\')')
 2 SYSTEMPATH\Database\BaseConnection.php(646): CodeIgniter\Database\BaseConnection->simpleQuery('INSERT INTO `hero_slideshow` (`title`, `description`, `image_url`, `sort_order`, `is_active`, `duration`, `button_label`, `button_url`, `button_class`, `created_at`, `updated_at`) VALUES (\'\', \'\', \'uploads/hero/696a4770b1e00_Biru Oranye Abstrak Minimalis Persewaan Alat Kemah Twitter Header (3).png\', 2, 1, 5001, \'hitung estimasi\', \'estimasi\', \'btn-warning\', \'2026-01-16 14:13:04\', \'2026-01-16 14:13:04\')')
 3 SYSTEMPATH\Database\BaseBuilder.php(2345): CodeIgniter\Database\BaseConnection->query('INSERT INTO `hero_slideshow` (`title`, `description`, `image_url`, `sort_order`, `is_active`, `duration`, `button_label`, `button_url`, `button_class`, `created_at`, `updated_at`) VALUES (:title:, :description:, :image_url:, :sort_order:, :is_active:, :duration:, :button_label:, :button_url:, :button_class:, :created_at:, :updated_at:)', [...], false)
 4 SYSTEMPATH\Model.php(394): CodeIgniter\Database\BaseBuilder->insert()
 5 SYSTEMPATH\BaseModel.php(838): CodeIgniter\Model->doInsert([...])
 6 SYSTEMPATH\Model.php(797): CodeIgniter\BaseModel->insert([...], true)
 7 APPPATH\Controllers\Admin.php(1060): CodeIgniter\Model->insert([...])
 8 SYSTEMPATH\CodeIgniter.php(933): App\Controllers\Admin->save_slideshow()
 9 SYSTEMPATH\CodeIgniter.php(507): CodeIgniter\CodeIgniter->runController(Object(App\Controllers\Admin))
10 SYSTEMPATH\CodeIgniter.php(354): CodeIgniter\CodeIgniter->handleRequest(null, Object(Config\Cache), false)
11 SYSTEMPATH\Boot.php(363): CodeIgniter\CodeIgniter->run()
12 SYSTEMPATH\Boot.php(68): CodeIgniter\Boot::runCodeIgniter(Object(CodeIgniter\CodeIgniter))
13 FCPATH\index.php(70): CodeIgniter\Boot::bootWeb(Object(Config\Paths))
CRITICAL - 2026-01-16 14:13:04 --> [Caused by] mysqli_sql_exception: Unknown column 'duration' in 'field list'
in SYSTEMPATH\Database\MySQLi\Connection.php on line 327.
 1 SYSTEMPATH\Database\MySQLi\Connection.php(327): mysqli->query('INSERT INTO `hero_slideshow` (`title`, `description`, `image_url`, `sort_order`, `is_active`, `duration`, `button_label`, `button_url`, `button_class`, `created_at`, `updated_at`) VALUES (\'\', \'\', \'uploads/hero/696a4770b1e00_Biru Oranye Abstrak Minimalis Persewaan Alat Kemah Twitter Header (3).png\', 2, 1, 5001, \'hitung estimasi\', \'estimasi\', \'btn-warning\', \'2026-01-16 14:13:04\', \'2026-01-16 14:13:04\')', 0)
 2 SYSTEMPATH\Database\BaseConnection.php(729): CodeIgniter\Database\MySQLi\Connection->execute('INSERT INTO `hero_slideshow` (`title`, `description`, `image_url`, `sort_order`, `is_active`, `duration`, `button_label`, `button_url`, `button_class`, `created_at`, `updated_at`) VALUES (\'\', \'\', \'uploads/hero/696a4770b1e00_Biru Oranye Abstrak Minimalis Persewaan Alat Kemah Twitter Header (3).png\', 2, 1, 5001, \'hitung estimasi\', \'estimasi\', \'btn-warning\', \'2026-01-16 14:13:04\', \'2026-01-16 14:13:04\')')
 3 SYSTEMPATH\Database\BaseConnection.php(646): CodeIgniter\Database\BaseConnection->simpleQuery('INSERT INTO `hero_slideshow` (`title`, `description`, `image_url`, `sort_order`, `is_active`, `duration`, `button_label`, `button_url`, `button_class`, `created_at`, `updated_at`) VALUES (\'\', \'\', \'uploads/hero/696a4770b1e00_Biru Oranye Abstrak Minimalis Persewaan Alat Kemah Twitter Header (3).png\', 2, 1, 5001, \'hitung estimasi\', \'estimasi\', \'btn-warning\', \'2026-01-16 14:13:04\', \'2026-01-16 14:13:04\')')
 4 SYSTEMPATH\Database\BaseBuilder.php(2345): CodeIgniter\Database\BaseConnection->query('INSERT INTO `hero_slideshow` (`title`, `description`, `image_url`, `sort_order`, `is_active`, `duration`, `button_label`, `button_url`, `button_class`, `created_at`, `updated_at`) VALUES (:title:, :description:, :image_url:, :sort_order:, :is_active:, :duration:, :button_label:, :button_url:, :button_class:, :created_at:, :updated_at:)', [...], false)
 5 SYSTEMPATH\Model.php(394): CodeIgniter\Database\BaseBuilder->insert()
 6 SYSTEMPATH\BaseModel.php(838): CodeIgniter\Model->doInsert([...])
 7 SYSTEMPATH\Model.php(797): CodeIgniter\BaseModel->insert([...], true)
 8 APPPATH\Controllers\Admin.php(1060): CodeIgniter\Model->insert([...])
 9 SYSTEMPATH\CodeIgniter.php(933): App\Controllers\Admin->save_slideshow()
10 SYSTEMPATH\CodeIgniter.php(507): CodeIgniter\CodeIgniter->runController(Object(App\Controllers\Admin))
11 SYSTEMPATH\CodeIgniter.php(354): CodeIgniter\CodeIgniter->handleRequest(null, Object(Config\Cache), false)
12 SYSTEMPATH\Boot.php(363): CodeIgniter\CodeIgniter->run()
13 SYSTEMPATH\Boot.php(68): CodeIgniter\Boot::runCodeIgniter(Object(CodeIgniter\CodeIgniter))
14 FCPATH\index.php(70): CodeIgniter\Boot::bootWeb(Object(Config\Paths))
ERROR - 2026-01-16 14:14:53 --> mysqli_sql_exception: Unknown column 'duration' in 'field list' in C:\xampp\htdocs\dinara\system\Database\MySQLi\Connection.php:327
Stack trace:
#0 C:\xampp\htdocs\dinara\system\Database\MySQLi\Connection.php(327): mysqli->query('INSERT INTO `he...', 0)
#1 C:\xampp\htdocs\dinara\system\Database\BaseConnection.php(729): CodeIgniter\Database\MySQLi\Connection->execute('INSERT INTO `he...')
#2 C:\xampp\htdocs\dinara\system\Database\BaseConnection.php(646): CodeIgniter\Database\BaseConnection->simpleQuery('INSERT INTO `he...')
#3 C:\xampp\htdocs\dinara\system\Database\BaseBuilder.php(2345): CodeIgniter\Database\BaseConnection->query('INSERT INTO `he...', Array, false)
#4 C:\xampp\htdocs\dinara\system\Model.php(394): CodeIgniter\Database\BaseBuilder->insert()
#5 C:\xampp\htdocs\dinara\system\BaseModel.php(838): CodeIgniter\Model->doInsert(Array)
#6 C:\xampp\htdocs\dinara\system\Model.php(797): CodeIgniter\BaseModel->insert(Array, true)
#7 C:\xampp\htdocs\dinara\app\Controllers\Admin.php(1060): CodeIgniter\Model->insert(Array)
#8 C:\xampp\htdocs\dinara\system\CodeIgniter.php(933): App\Controllers\Admin->save_slideshow()
#9 C:\xampp\htdocs\dinara\system\CodeIgniter.php(507): CodeIgniter\CodeIgniter->runController(Object(App\Controllers\Admin))
#10 C:\xampp\htdocs\dinara\system\CodeIgniter.php(354): CodeIgniter\CodeIgniter->handleRequest(NULL, Object(Config\Cache), false)
#11 C:\xampp\htdocs\dinara\system\Boot.php(363): CodeIgniter\CodeIgniter->run()
#12 C:\xampp\htdocs\dinara\system\Boot.php(68): CodeIgniter\Boot::runCodeIgniter(Object(CodeIgniter\CodeIgniter))
#13 C:\xampp\htdocs\dinara\public\index.php(70): CodeIgniter\Boot::bootWeb(Object(Config\Paths))
#14 {main}
CRITICAL - 2026-01-16 14:14:53 --> CodeIgniter\Database\Exceptions\DatabaseException: Unknown column 'duration' in 'field list'
[Method: POST, Route: admin/save_slideshow]
in SYSTEMPATH\Database\BaseConnection.php on line 684.
 1 SYSTEMPATH\Database\BaseBuilder.php(2345): CodeIgniter\Database\BaseConnection->query('INSERT INTO `hero_slideshow` (`title`, `description`, `image_url`, `sort_order`, `is_active`, `duration`, `button_label`, `button_url`, `button_class`, `created_at`, `updated_at`) VALUES (:title:, :description:, :image_url:, :sort_order:, :is_active:, :duration:, :button_label:, :button_url:, :button_class:, :created_at:, :updated_at:)', [...], false)
 2 SYSTEMPATH\Model.php(394): CodeIgniter\Database\BaseBuilder->insert()
 3 SYSTEMPATH\BaseModel.php(838): CodeIgniter\Model->doInsert([...])
 4 SYSTEMPATH\Model.php(797): CodeIgniter\BaseModel->insert([...], true)
 5 APPPATH\Controllers\Admin.php(1060): CodeIgniter\Model->insert([...])
 6 SYSTEMPATH\CodeIgniter.php(933): App\Controllers\Admin->save_slideshow()
 7 SYSTEMPATH\CodeIgniter.php(507): CodeIgniter\CodeIgniter->runController(Object(App\Controllers\Admin))
 8 SYSTEMPATH\CodeIgniter.php(354): CodeIgniter\CodeIgniter->handleRequest(null, Object(Config\Cache), false)
 9 SYSTEMPATH\Boot.php(363): CodeIgniter\CodeIgniter->run()
10 SYSTEMPATH\Boot.php(68): CodeIgniter\Boot::runCodeIgniter(Object(CodeIgniter\CodeIgniter))
11 FCPATH\index.php(70): CodeIgniter\Boot::bootWeb(Object(Config\Paths))
CRITICAL - 2026-01-16 14:14:53 --> [Caused by] CodeIgniter\Database\Exceptions\DatabaseException: Unknown column 'duration' in 'field list'
in SYSTEMPATH\Database\MySQLi\Connection.php on line 332.
 1 SYSTEMPATH\Database\BaseConnection.php(729): CodeIgniter\Database\MySQLi\Connection->execute('INSERT INTO `hero_slideshow` (`title`, `description`, `image_url`, `sort_order`, `is_active`, `duration`, `button_label`, `button_url`, `button_class`, `created_at`, `updated_at`) VALUES (\'\', \'\', \'uploads/hero/696a47dd99602_Biru Oranye Abstrak Minimalis Persewaan Alat Kemah Twitter Header (3).png\', 2, 1, 5001, \'hitung estimasi\', \'estimasi\', \'btn-warning\', \'2026-01-16 14:14:53\', \'2026-01-16 14:14:53\')')
 2 SYSTEMPATH\Database\BaseConnection.php(646): CodeIgniter\Database\BaseConnection->simpleQuery('INSERT INTO `hero_slideshow` (`title`, `description`, `image_url`, `sort_order`, `is_active`, `duration`, `button_label`, `button_url`, `button_class`, `created_at`, `updated_at`) VALUES (\'\', \'\', \'uploads/hero/696a47dd99602_Biru Oranye Abstrak Minimalis Persewaan Alat Kemah Twitter Header (3).png\', 2, 1, 5001, \'hitung estimasi\', \'estimasi\', \'btn-warning\', \'2026-01-16 14:14:53\', \'2026-01-16 14:14:53\')')
 3 SYSTEMPATH\Database\BaseBuilder.php(2345): CodeIgniter\Database\BaseConnection->query('INSERT INTO `hero_slideshow` (`title`, `description`, `image_url`, `sort_order`, `is_active`, `duration`, `button_label`, `button_url`, `button_class`, `created_at`, `updated_at`) VALUES (:title:, :description:, :image_url:, :sort_order:, :is_active:, :duration:, :button_label:, :button_url:, :button_class:, :created_at:, :updated_at:)', [...], false)
 4 SYSTEMPATH\Model.php(394): CodeIgniter\Database\BaseBuilder->insert()
 5 SYSTEMPATH\BaseModel.php(838): CodeIgniter\Model->doInsert([...])
 6 SYSTEMPATH\Model.php(797): CodeIgniter\BaseModel->insert([...], true)
 7 APPPATH\Controllers\Admin.php(1060): CodeIgniter\Model->insert([...])
 8 SYSTEMPATH\CodeIgniter.php(933): App\Controllers\Admin->save_slideshow()
 9 SYSTEMPATH\CodeIgniter.php(507): CodeIgniter\CodeIgniter->runController(Object(App\Controllers\Admin))
10 SYSTEMPATH\CodeIgniter.php(354): CodeIgniter\CodeIgniter->handleRequest(null, Object(Config\Cache), false)
11 SYSTEMPATH\Boot.php(363): CodeIgniter\CodeIgniter->run()
12 SYSTEMPATH\Boot.php(68): CodeIgniter\Boot::runCodeIgniter(Object(CodeIgniter\CodeIgniter))
13 FCPATH\index.php(70): CodeIgniter\Boot::bootWeb(Object(Config\Paths))
CRITICAL - 2026-01-16 14:14:53 --> [Caused by] mysqli_sql_exception: Unknown column 'duration' in 'field list'
in SYSTEMPATH\Database\MySQLi\Connection.php on line 327.
 1 SYSTEMPATH\Database\MySQLi\Connection.php(327): mysqli->query('INSERT INTO `hero_slideshow` (`title`, `description`, `image_url`, `sort_order`, `is_active`, `duration`, `button_label`, `button_url`, `button_class`, `created_at`, `updated_at`) VALUES (\'\', \'\', \'uploads/hero/696a47dd99602_Biru Oranye Abstrak Minimalis Persewaan Alat Kemah Twitter Header (3).png\', 2, 1, 5001, \'hitung estimasi\', \'estimasi\', \'btn-warning\', \'2026-01-16 14:14:53\', \'2026-01-16 14:14:53\')', 0)
 2 SYSTEMPATH\Database\BaseConnection.php(729): CodeIgniter\Database\MySQLi\Connection->execute('INSERT INTO `hero_slideshow` (`title`, `description`, `image_url`, `sort_order`, `is_active`, `duration`, `button_label`, `button_url`, `button_class`, `created_at`, `updated_at`) VALUES (\'\', \'\', \'uploads/hero/696a47dd99602_Biru Oranye Abstrak Minimalis Persewaan Alat Kemah Twitter Header (3).png\', 2, 1, 5001, \'hitung estimasi\', \'estimasi\', \'btn-warning\', \'2026-01-16 14:14:53\', \'2026-01-16 14:14:53\')')
 3 SYSTEMPATH\Database\BaseConnection.php(646): CodeIgniter\Database\BaseConnection->simpleQuery('INSERT INTO `hero_slideshow` (`title`, `description`, `image_url`, `sort_order`, `is_active`, `duration`, `button_label`, `button_url`, `button_class`, `created_at`, `updated_at`) VALUES (\'\', \'\', \'uploads/hero/696a47dd99602_Biru Oranye Abstrak Minimalis Persewaan Alat Kemah Twitter Header (3).png\', 2, 1, 5001, \'hitung estimasi\', \'estimasi\', \'btn-warning\', \'2026-01-16 14:14:53\', \'2026-01-16 14:14:53\')')
 4 SYSTEMPATH\Database\BaseBuilder.php(2345): CodeIgniter\Database\BaseConnection->query('INSERT INTO `hero_slideshow` (`title`, `description`, `image_url`, `sort_order`, `is_active`, `duration`, `button_label`, `button_url`, `button_class`, `created_at`, `updated_at`) VALUES (:title:, :description:, :image_url:, :sort_order:, :is_active:, :duration:, :button_label:, :button_url:, :button_class:, :created_at:, :updated_at:)', [...], false)
 5 SYSTEMPATH\Model.php(394): CodeIgniter\Database\BaseBuilder->insert()
 6 SYSTEMPATH\BaseModel.php(838): CodeIgniter\Model->doInsert([...])
 7 SYSTEMPATH\Model.php(797): CodeIgniter\BaseModel->insert([...], true)
 8 APPPATH\Controllers\Admin.php(1060): CodeIgniter\Model->insert([...])
 9 SYSTEMPATH\CodeIgniter.php(933): App\Controllers\Admin->save_slideshow()
10 SYSTEMPATH\CodeIgniter.php(507): CodeIgniter\CodeIgniter->runController(Object(App\Controllers\Admin))
11 SYSTEMPATH\CodeIgniter.php(354): CodeIgniter\CodeIgniter->handleRequest(null, Object(Config\Cache), false)
12 SYSTEMPATH\Boot.php(363): CodeIgniter\CodeIgniter->run()
13 SYSTEMPATH\Boot.php(68): CodeIgniter\Boot::runCodeIgniter(Object(CodeIgniter\CodeIgniter))
14 FCPATH\index.php(70): CodeIgniter\Boot::bootWeb(Object(Config\Paths))
ERROR - 2026-01-16 14:15:19 --> mysqli_sql_exception: Unknown column 'duration' in 'field list' in C:\xampp\htdocs\dinara\system\Database\MySQLi\Connection.php:327
Stack trace:
#0 C:\xampp\htdocs\dinara\system\Database\MySQLi\Connection.php(327): mysqli->query('INSERT INTO `he...', 0)
#1 C:\xampp\htdocs\dinara\system\Database\BaseConnection.php(729): CodeIgniter\Database\MySQLi\Connection->execute('INSERT INTO `he...')
#2 C:\xampp\htdocs\dinara\system\Database\BaseConnection.php(646): CodeIgniter\Database\BaseConnection->simpleQuery('INSERT INTO `he...')
#3 C:\xampp\htdocs\dinara\system\Database\BaseBuilder.php(2345): CodeIgniter\Database\BaseConnection->query('INSERT INTO `he...', Array, false)
#4 C:\xampp\htdocs\dinara\system\Model.php(394): CodeIgniter\Database\BaseBuilder->insert()
#5 C:\xampp\htdocs\dinara\system\BaseModel.php(838): CodeIgniter\Model->doInsert(Array)
#6 C:\xampp\htdocs\dinara\system\Model.php(797): CodeIgniter\BaseModel->insert(Array, true)
#7 C:\xampp\htdocs\dinara\app\Controllers\Admin.php(1060): CodeIgniter\Model->insert(Array)
#8 C:\xampp\htdocs\dinara\system\CodeIgniter.php(933): App\Controllers\Admin->save_slideshow()
#9 C:\xampp\htdocs\dinara\system\CodeIgniter.php(507): CodeIgniter\CodeIgniter->runController(Object(App\Controllers\Admin))
#10 C:\xampp\htdocs\dinara\system\CodeIgniter.php(354): CodeIgniter\CodeIgniter->handleRequest(NULL, Object(Config\Cache), false)
#11 C:\xampp\htdocs\dinara\system\Boot.php(363): CodeIgniter\CodeIgniter->run()
#12 C:\xampp\htdocs\dinara\system\Boot.php(68): CodeIgniter\Boot::runCodeIgniter(Object(CodeIgniter\CodeIgniter))
#13 C:\xampp\htdocs\dinara\public\index.php(70): CodeIgniter\Boot::bootWeb(Object(Config\Paths))
#14 {main}
CRITICAL - 2026-01-16 14:15:19 --> CodeIgniter\Database\Exceptions\DatabaseException: Unknown column 'duration' in 'field list'
[Method: POST, Route: admin/save_slideshow]
in SYSTEMPATH\Database\BaseConnection.php on line 684.
 1 SYSTEMPATH\Database\BaseBuilder.php(2345): CodeIgniter\Database\BaseConnection->query('INSERT INTO `hero_slideshow` (`title`, `description`, `image_url`, `sort_order`, `is_active`, `duration`, `button_label`, `button_url`, `button_class`, `created_at`, `updated_at`) VALUES (:title:, :description:, :image_url:, :sort_order:, :is_active:, :duration:, :button_label:, :button_url:, :button_class:, :created_at:, :updated_at:)', [...], false)
 2 SYSTEMPATH\Model.php(394): CodeIgniter\Database\BaseBuilder->insert()
 3 SYSTEMPATH\BaseModel.php(838): CodeIgniter\Model->doInsert([...])
 4 SYSTEMPATH\Model.php(797): CodeIgniter\BaseModel->insert([...], true)
 5 APPPATH\Controllers\Admin.php(1060): CodeIgniter\Model->insert([...])
 6 SYSTEMPATH\CodeIgniter.php(933): App\Controllers\Admin->save_slideshow()
 7 SYSTEMPATH\CodeIgniter.php(507): CodeIgniter\CodeIgniter->runController(Object(App\Controllers\Admin))
 8 SYSTEMPATH\CodeIgniter.php(354): CodeIgniter\CodeIgniter->handleRequest(null, Object(Config\Cache), false)
 9 SYSTEMPATH\Boot.php(363): CodeIgniter\CodeIgniter->run()
10 SYSTEMPATH\Boot.php(68): CodeIgniter\Boot::runCodeIgniter(Object(CodeIgniter\CodeIgniter))
11 FCPATH\index.php(70): CodeIgniter\Boot::bootWeb(Object(Config\Paths))
CRITICAL - 2026-01-16 14:15:19 --> [Caused by] CodeIgniter\Database\Exceptions\DatabaseException: Unknown column 'duration' in 'field list'
in SYSTEMPATH\Database\MySQLi\Connection.php on line 332.
 1 SYSTEMPATH\Database\BaseConnection.php(729): CodeIgniter\Database\MySQLi\Connection->execute('INSERT INTO `hero_slideshow` (`title`, `description`, `image_url`, `sort_order`, `is_active`, `duration`, `button_label`, `button_url`, `button_class`, `created_at`, `updated_at`) VALUES (\'\', \'\', \'uploads/hero/696a47f75cd44_Biru Oranye Abstrak Minimalis Persewaan Alat Kemah Twitter Header.png\', 2, 1, 5000, \'\', \'\', \'btn-warning\', \'2026-01-16 14:15:19\', \'2026-01-16 14:15:19\')')
 2 SYSTEMPATH\Database\BaseConnection.php(646): CodeIgniter\Database\BaseConnection->simpleQuery('INSERT INTO `hero_slideshow` (`title`, `description`, `image_url`, `sort_order`, `is_active`, `duration`, `button_label`, `button_url`, `button_class`, `created_at`, `updated_at`) VALUES (\'\', \'\', \'uploads/hero/696a47f75cd44_Biru Oranye Abstrak Minimalis Persewaan Alat Kemah Twitter Header.png\', 2, 1, 5000, \'\', \'\', \'btn-warning\', \'2026-01-16 14:15:19\', \'2026-01-16 14:15:19\')')
 3 SYSTEMPATH\Database\BaseBuilder.php(2345): CodeIgniter\Database\BaseConnection->query('INSERT INTO `hero_slideshow` (`title`, `description`, `image_url`, `sort_order`, `is_active`, `duration`, `button_label`, `button_url`, `button_class`, `created_at`, `updated_at`) VALUES (:title:, :description:, :image_url:, :sort_order:, :is_active:, :duration:, :button_label:, :button_url:, :button_class:, :created_at:, :updated_at:)', [...], false)
 4 SYSTEMPATH\Model.php(394): CodeIgniter\Database\BaseBuilder->insert()
 5 SYSTEMPATH\BaseModel.php(838): CodeIgniter\Model->doInsert([...])
 6 SYSTEMPATH\Model.php(797): CodeIgniter\BaseModel->insert([...], true)
 7 APPPATH\Controllers\Admin.php(1060): CodeIgniter\Model->insert([...])
 8 SYSTEMPATH\CodeIgniter.php(933): App\Controllers\Admin->save_slideshow()
 9 SYSTEMPATH\CodeIgniter.php(507): CodeIgniter\CodeIgniter->runController(Object(App\Controllers\Admin))
10 SYSTEMPATH\CodeIgniter.php(354): CodeIgniter\CodeIgniter->handleRequest(null, Object(Config\Cache), false)
11 SYSTEMPATH\Boot.php(363): CodeIgniter\CodeIgniter->run()
12 SYSTEMPATH\Boot.php(68): CodeIgniter\Boot::runCodeIgniter(Object(CodeIgniter\CodeIgniter))
13 FCPATH\index.php(70): CodeIgniter\Boot::bootWeb(Object(Config\Paths))
CRITICAL - 2026-01-16 14:15:19 --> [Caused by] mysqli_sql_exception: Unknown column 'duration' in 'field list'
in SYSTEMPATH\Database\MySQLi\Connection.php on line 327.
 1 SYSTEMPATH\Database\MySQLi\Connection.php(327): mysqli->query('INSERT INTO `hero_slideshow` (`title`, `description`, `image_url`, `sort_order`, `is_active`, `duration`, `button_label`, `button_url`, `button_class`, `created_at`, `updated_at`) VALUES (\'\', \'\', \'uploads/hero/696a47f75cd44_Biru Oranye Abstrak Minimalis Persewaan Alat Kemah Twitter Header.png\', 2, 1, 5000, \'\', \'\', \'btn-warning\', \'2026-01-16 14:15:19\', \'2026-01-16 14:15:19\')', 0)
 2 SYSTEMPATH\Database\BaseConnection.php(729): CodeIgniter\Database\MySQLi\Connection->execute('INSERT INTO `hero_slideshow` (`title`, `description`, `image_url`, `sort_order`, `is_active`, `duration`, `button_label`, `button_url`, `button_class`, `created_at`, `updated_at`) VALUES (\'\', \'\', \'uploads/hero/696a47f75cd44_Biru Oranye Abstrak Minimalis Persewaan Alat Kemah Twitter Header.png\', 2, 1, 5000, \'\', \'\', \'btn-warning\', \'2026-01-16 14:15:19\', \'2026-01-16 14:15:19\')')
 3 SYSTEMPATH\Database\BaseConnection.php(646): CodeIgniter\Database\BaseConnection->simpleQuery('INSERT INTO `hero_slideshow` (`title`, `description`, `image_url`, `sort_order`, `is_active`, `duration`, `button_label`, `button_url`, `button_class`, `created_at`, `updated_at`) VALUES (\'\', \'\', \'uploads/hero/696a47f75cd44_Biru Oranye Abstrak Minimalis Persewaan Alat Kemah Twitter Header.png\', 2, 1, 5000, \'\', \'\', \'btn-warning\', \'2026-01-16 14:15:19\', \'2026-01-16 14:15:19\')')
 4 SYSTEMPATH\Database\BaseBuilder.php(2345): CodeIgniter\Database\BaseConnection->query('INSERT INTO `hero_slideshow` (`title`, `description`, `image_url`, `sort_order`, `is_active`, `duration`, `button_label`, `button_url`, `button_class`, `created_at`, `updated_at`) VALUES (:title:, :description:, :image_url:, :sort_order:, :is_active:, :duration:, :button_label:, :button_url:, :button_class:, :created_at:, :updated_at:)', [...], false)
 5 SYSTEMPATH\Model.php(394): CodeIgniter\Database\BaseBuilder->insert()
 6 SYSTEMPATH\BaseModel.php(838): CodeIgniter\Model->doInsert([...])
 7 SYSTEMPATH\Model.php(797): CodeIgniter\BaseModel->insert([...], true)
 8 APPPATH\Controllers\Admin.php(1060): CodeIgniter\Model->insert([...])
 9 SYSTEMPATH\CodeIgniter.php(933): App\Controllers\Admin->save_slideshow()
10 SYSTEMPATH\CodeIgniter.php(507): CodeIgniter\CodeIgniter->runController(Object(App\Controllers\Admin))
11 SYSTEMPATH\CodeIgniter.php(354): CodeIgniter\CodeIgniter->handleRequest(null, Object(Config\Cache), false)
12 SYSTEMPATH\Boot.php(363): CodeIgniter\CodeIgniter->run()
13 SYSTEMPATH\Boot.php(68): CodeIgniter\Boot::runCodeIgniter(Object(CodeIgniter\CodeIgniter))
14 FCPATH\index.php(70): CodeIgniter\Boot::bootWeb(Object(Config\Paths))
ERROR - 2026-01-16 14:15:23 --> mysqli_sql_exception: Unknown column 'duration' in 'field list' in C:\xampp\htdocs\dinara\system\Database\MySQLi\Connection.php:327
Stack trace:
#0 C:\xampp\htdocs\dinara\system\Database\MySQLi\Connection.php(327): mysqli->query('INSERT INTO `he...', 0)
#1 C:\xampp\htdocs\dinara\system\Database\BaseConnection.php(729): CodeIgniter\Database\MySQLi\Connection->execute('INSERT INTO `he...')
#2 C:\xampp\htdocs\dinara\system\Database\BaseConnection.php(646): CodeIgniter\Database\BaseConnection->simpleQuery('INSERT INTO `he...')
#3 C:\xampp\htdocs\dinara\system\Database\BaseBuilder.php(2345): CodeIgniter\Database\BaseConnection->query('INSERT INTO `he...', Array, false)
#4 C:\xampp\htdocs\dinara\system\Model.php(394): CodeIgniter\Database\BaseBuilder->insert()
#5 C:\xampp\htdocs\dinara\system\BaseModel.php(838): CodeIgniter\Model->doInsert(Array)
#6 C:\xampp\htdocs\dinara\system\Model.php(797): CodeIgniter\BaseModel->insert(Array, true)
#7 C:\xampp\htdocs\dinara\app\Controllers\Admin.php(1060): CodeIgniter\Model->insert(Array)
#8 C:\xampp\htdocs\dinara\system\CodeIgniter.php(933): App\Controllers\Admin->save_slideshow()
#9 C:\xampp\htdocs\dinara\system\CodeIgniter.php(507): CodeIgniter\CodeIgniter->runController(Object(App\Controllers\Admin))
#10 C:\xampp\htdocs\dinara\system\CodeIgniter.php(354): CodeIgniter\CodeIgniter->handleRequest(NULL, Object(Config\Cache), false)
#11 C:\xampp\htdocs\dinara\system\Boot.php(363): CodeIgniter\CodeIgniter->run()
#12 C:\xampp\htdocs\dinara\system\Boot.php(68): CodeIgniter\Boot::runCodeIgniter(Object(CodeIgniter\CodeIgniter))
#13 C:\xampp\htdocs\dinara\public\index.php(70): CodeIgniter\Boot::bootWeb(Object(Config\Paths))
#14 {main}
CRITICAL - 2026-01-16 14:15:23 --> CodeIgniter\Database\Exceptions\DatabaseException: Unknown column 'duration' in 'field list'
[Method: POST, Route: admin/save_slideshow]
in SYSTEMPATH\Database\BaseConnection.php on line 684.
 1 SYSTEMPATH\Database\BaseBuilder.php(2345): CodeIgniter\Database\BaseConnection->query('INSERT INTO `hero_slideshow` (`title`, `description`, `image_url`, `sort_order`, `is_active`, `duration`, `button_label`, `button_url`, `button_class`, `created_at`, `updated_at`) VALUES (:title:, :description:, :image_url:, :sort_order:, :is_active:, :duration:, :button_label:, :button_url:, :button_class:, :created_at:, :updated_at:)', [...], false)
 2 SYSTEMPATH\Model.php(394): CodeIgniter\Database\BaseBuilder->insert()
 3 SYSTEMPATH\BaseModel.php(838): CodeIgniter\Model->doInsert([...])
 4 SYSTEMPATH\Model.php(797): CodeIgniter\BaseModel->insert([...], true)
 5 APPPATH\Controllers\Admin.php(1060): CodeIgniter\Model->insert([...])
 6 SYSTEMPATH\CodeIgniter.php(933): App\Controllers\Admin->save_slideshow()
 7 SYSTEMPATH\CodeIgniter.php(507): CodeIgniter\CodeIgniter->runController(Object(App\Controllers\Admin))
 8 SYSTEMPATH\CodeIgniter.php(354): CodeIgniter\CodeIgniter->handleRequest(null, Object(Config\Cache), false)
 9 SYSTEMPATH\Boot.php(363): CodeIgniter\CodeIgniter->run()
10 SYSTEMPATH\Boot.php(68): CodeIgniter\Boot::runCodeIgniter(Object(CodeIgniter\CodeIgniter))
11 FCPATH\index.php(70): CodeIgniter\Boot::bootWeb(Object(Config\Paths))
CRITICAL - 2026-01-16 14:15:23 --> [Caused by] CodeIgniter\Database\Exceptions\DatabaseException: Unknown column 'duration' in 'field list'
in SYSTEMPATH\Database\MySQLi\Connection.php on line 332.
 1 SYSTEMPATH\Database\BaseConnection.php(729): CodeIgniter\Database\MySQLi\Connection->execute('INSERT INTO `hero_slideshow` (`title`, `description`, `image_url`, `sort_order`, `is_active`, `duration`, `button_label`, `button_url`, `button_class`, `created_at`, `updated_at`) VALUES (\'\', \'\', \'uploads/hero/696a47fb50745_Biru Oranye Abstrak Minimalis Persewaan Alat Kemah Twitter Header.png\', 2, 1, 5000, \'\', \'\', \'btn-warning\', \'2026-01-16 14:15:23\', \'2026-01-16 14:15:23\')')
 2 SYSTEMPATH\Database\BaseConnection.php(646): CodeIgniter\Database\BaseConnection->simpleQuery('INSERT INTO `hero_slideshow` (`title`, `description`, `image_url`, `sort_order`, `is_active`, `duration`, `button_label`, `button_url`, `button_class`, `created_at`, `updated_at`) VALUES (\'\', \'\', \'uploads/hero/696a47fb50745_Biru Oranye Abstrak Minimalis Persewaan Alat Kemah Twitter Header.png\', 2, 1, 5000, \'\', \'\', \'btn-warning\', \'2026-01-16 14:15:23\', \'2026-01-16 14:15:23\')')
 3 SYSTEMPATH\Database\BaseBuilder.php(2345): CodeIgniter\Database\BaseConnection->query('INSERT INTO `hero_slideshow` (`title`, `description`, `image_url`, `sort_order`, `is_active`, `duration`, `button_label`, `button_url`, `button_class`, `created_at`, `updated_at`) VALUES (:title:, :description:, :image_url:, :sort_order:, :is_active:, :duration:, :button_label:, :button_url:, :button_class:, :created_at:, :updated_at:)', [...], false)
 4 SYSTEMPATH\Model.php(394): CodeIgniter\Database\BaseBuilder->insert()
 5 SYSTEMPATH\BaseModel.php(838): CodeIgniter\Model->doInsert([...])
 6 SYSTEMPATH\Model.php(797): CodeIgniter\BaseModel->insert([...], true)
 7 APPPATH\Controllers\Admin.php(1060): CodeIgniter\Model->insert([...])
 8 SYSTEMPATH\CodeIgniter.php(933): App\Controllers\Admin->save_slideshow()
 9 SYSTEMPATH\CodeIgniter.php(507): CodeIgniter\CodeIgniter->runController(Object(App\Controllers\Admin))
10 SYSTEMPATH\CodeIgniter.php(354): CodeIgniter\CodeIgniter->handleRequest(null, Object(Config\Cache), false)
11 SYSTEMPATH\Boot.php(363): CodeIgniter\CodeIgniter->run()
12 SYSTEMPATH\Boot.php(68): CodeIgniter\Boot::runCodeIgniter(Object(CodeIgniter\CodeIgniter))
13 FCPATH\index.php(70): CodeIgniter\Boot::bootWeb(Object(Config\Paths))
CRITICAL - 2026-01-16 14:15:23 --> [Caused by] mysqli_sql_exception: Unknown column 'duration' in 'field list'
in SYSTEMPATH\Database\MySQLi\Connection.php on line 327.
 1 SYSTEMPATH\Database\MySQLi\Connection.php(327): mysqli->query('INSERT INTO `hero_slideshow` (`title`, `description`, `image_url`, `sort_order`, `is_active`, `duration`, `button_label`, `button_url`, `button_class`, `created_at`, `updated_at`) VALUES (\'\', \'\', \'uploads/hero/696a47fb50745_Biru Oranye Abstrak Minimalis Persewaan Alat Kemah Twitter Header.png\', 2, 1, 5000, \'\', \'\', \'btn-warning\', \'2026-01-16 14:15:23\', \'2026-01-16 14:15:23\')', 0)
 2 SYSTEMPATH\Database\BaseConnection.php(729): CodeIgniter\Database\MySQLi\Connection->execute('INSERT INTO `hero_slideshow` (`title`, `description`, `image_url`, `sort_order`, `is_active`, `duration`, `button_label`, `button_url`, `button_class`, `created_at`, `updated_at`) VALUES (\'\', \'\', \'uploads/hero/696a47fb50745_Biru Oranye Abstrak Minimalis Persewaan Alat Kemah Twitter Header.png\', 2, 1, 5000, \'\', \'\', \'btn-warning\', \'2026-01-16 14:15:23\', \'2026-01-16 14:15:23\')')
 3 SYSTEMPATH\Database\BaseConnection.php(646): CodeIgniter\Database\BaseConnection->simpleQuery('INSERT INTO `hero_slideshow` (`title`, `description`, `image_url`, `sort_order`, `is_active`, `duration`, `button_label`, `button_url`, `button_class`, `created_at`, `updated_at`) VALUES (\'\', \'\', \'uploads/hero/696a47fb50745_Biru Oranye Abstrak Minimalis Persewaan Alat Kemah Twitter Header.png\', 2, 1, 5000, \'\', \'\', \'btn-warning\', \'2026-01-16 14:15:23\', \'2026-01-16 14:15:23\')')
 4 SYSTEMPATH\Database\BaseBuilder.php(2345): CodeIgniter\Database\BaseConnection->query('INSERT INTO `hero_slideshow` (`title`, `description`, `image_url`, `sort_order`, `is_active`, `duration`, `button_label`, `button_url`, `button_class`, `created_at`, `updated_at`) VALUES (:title:, :description:, :image_url:, :sort_order:, :is_active:, :duration:, :button_label:, :button_url:, :button_class:, :created_at:, :updated_at:)', [...], false)
 5 SYSTEMPATH\Model.php(394): CodeIgniter\Database\BaseBuilder->insert()
 6 SYSTEMPATH\BaseModel.php(838): CodeIgniter\Model->doInsert([...])
 7 SYSTEMPATH\Model.php(797): CodeIgniter\BaseModel->insert([...], true)
 8 APPPATH\Controllers\Admin.php(1060): CodeIgniter\Model->insert([...])
 9 SYSTEMPATH\CodeIgniter.php(933): App\Controllers\Admin->save_slideshow()
10 SYSTEMPATH\CodeIgniter.php(507): CodeIgniter\CodeIgniter->runController(Object(App\Controllers\Admin))
11 SYSTEMPATH\CodeIgniter.php(354): CodeIgniter\CodeIgniter->handleRequest(null, Object(Config\Cache), false)
12 SYSTEMPATH\Boot.php(363): CodeIgniter\CodeIgniter->run()
13 SYSTEMPATH\Boot.php(68): CodeIgniter\Boot::runCodeIgniter(Object(CodeIgniter\CodeIgniter))
14 FCPATH\index.php(70): CodeIgniter\Boot::bootWeb(Object(Config\Paths))
ERROR - 2026-01-16 14:15:44 --> mysqli_sql_exception: Unknown column 'duration' in 'field list' in C:\xampp\htdocs\dinara\system\Database\MySQLi\Connection.php:327
Stack trace:
#0 C:\xampp\htdocs\dinara\system\Database\MySQLi\Connection.php(327): mysqli->query('INSERT INTO `he...', 0)
#1 C:\xampp\htdocs\dinara\system\Database\BaseConnection.php(729): CodeIgniter\Database\MySQLi\Connection->execute('INSERT INTO `he...')
#2 C:\xampp\htdocs\dinara\system\Database\BaseConnection.php(646): CodeIgniter\Database\BaseConnection->simpleQuery('INSERT INTO `he...')
#3 C:\xampp\htdocs\dinara\system\Database\BaseBuilder.php(2345): CodeIgniter\Database\BaseConnection->query('INSERT INTO `he...', Array, false)
#4 C:\xampp\htdocs\dinara\system\Model.php(394): CodeIgniter\Database\BaseBuilder->insert()
#5 C:\xampp\htdocs\dinara\system\BaseModel.php(838): CodeIgniter\Model->doInsert(Array)
#6 C:\xampp\htdocs\dinara\system\Model.php(797): CodeIgniter\BaseModel->insert(Array, true)
#7 C:\xampp\htdocs\dinara\app\Controllers\Admin.php(1060): CodeIgniter\Model->insert(Array)
#8 C:\xampp\htdocs\dinara\system\CodeIgniter.php(933): App\Controllers\Admin->save_slideshow()
#9 C:\xampp\htdocs\dinara\system\CodeIgniter.php(507): CodeIgniter\CodeIgniter->runController(Object(App\Controllers\Admin))
#10 C:\xampp\htdocs\dinara\system\CodeIgniter.php(354): CodeIgniter\CodeIgniter->handleRequest(NULL, Object(Config\Cache), false)
#11 C:\xampp\htdocs\dinara\system\Boot.php(363): CodeIgniter\CodeIgniter->run()
#12 C:\xampp\htdocs\dinara\system\Boot.php(68): CodeIgniter\Boot::runCodeIgniter(Object(CodeIgniter\CodeIgniter))
#13 C:\xampp\htdocs\dinara\public\index.php(70): CodeIgniter\Boot::bootWeb(Object(Config\Paths))
#14 {main}
CRITICAL - 2026-01-16 14:15:44 --> CodeIgniter\Database\Exceptions\DatabaseException: Unknown column 'duration' in 'field list'
[Method: POST, Route: admin/save_slideshow]
in SYSTEMPATH\Database\BaseConnection.php on line 684.
 1 SYSTEMPATH\Database\BaseBuilder.php(2345): CodeIgniter\Database\BaseConnection->query('INSERT INTO `hero_slideshow` (`title`, `description`, `image_url`, `sort_order`, `is_active`, `duration`, `button_label`, `button_url`, `button_class`, `created_at`, `updated_at`) VALUES (:title:, :description:, :image_url:, :sort_order:, :is_active:, :duration:, :button_label:, :button_url:, :button_class:, :created_at:, :updated_at:)', [...], false)
 2 SYSTEMPATH\Model.php(394): CodeIgniter\Database\BaseBuilder->insert()
 3 SYSTEMPATH\BaseModel.php(838): CodeIgniter\Model->doInsert([...])
 4 SYSTEMPATH\Model.php(797): CodeIgniter\BaseModel->insert([...], true)
 5 APPPATH\Controllers\Admin.php(1060): CodeIgniter\Model->insert([...])
 6 SYSTEMPATH\CodeIgniter.php(933): App\Controllers\Admin->save_slideshow()
 7 SYSTEMPATH\CodeIgniter.php(507): CodeIgniter\CodeIgniter->runController(Object(App\Controllers\Admin))
 8 SYSTEMPATH\CodeIgniter.php(354): CodeIgniter\CodeIgniter->handleRequest(null, Object(Config\Cache), false)
 9 SYSTEMPATH\Boot.php(363): CodeIgniter\CodeIgniter->run()
10 SYSTEMPATH\Boot.php(68): CodeIgniter\Boot::runCodeIgniter(Object(CodeIgniter\CodeIgniter))
11 FCPATH\index.php(70): CodeIgniter\Boot::bootWeb(Object(Config\Paths))
CRITICAL - 2026-01-16 14:15:44 --> [Caused by] CodeIgniter\Database\Exceptions\DatabaseException: Unknown column 'duration' in 'field list'
in SYSTEMPATH\Database\MySQLi\Connection.php on line 332.
 1 SYSTEMPATH\Database\BaseConnection.php(729): CodeIgniter\Database\MySQLi\Connection->execute('INSERT INTO `hero_slideshow` (`title`, `description`, `image_url`, `sort_order`, `is_active`, `duration`, `button_label`, `button_url`, `button_class`, `created_at`, `updated_at`) VALUES (\'\', \'\', \'uploads/hero/696a4810a8b05_Biru Oranye Abstrak Minimalis Persewaan Alat Kemah Twitter Header.png\', 2, 1, 4000, \'\', \'\', \'btn-warning\', \'2026-01-16 14:15:44\', \'2026-01-16 14:15:44\')')
 2 SYSTEMPATH\Database\BaseConnection.php(646): CodeIgniter\Database\BaseConnection->simpleQuery('INSERT INTO `hero_slideshow` (`title`, `description`, `image_url`, `sort_order`, `is_active`, `duration`, `button_label`, `button_url`, `button_class`, `created_at`, `updated_at`) VALUES (\'\', \'\', \'uploads/hero/696a4810a8b05_Biru Oranye Abstrak Minimalis Persewaan Alat Kemah Twitter Header.png\', 2, 1, 4000, \'\', \'\', \'btn-warning\', \'2026-01-16 14:15:44\', \'2026-01-16 14:15:44\')')
 3 SYSTEMPATH\Database\BaseBuilder.php(2345): CodeIgniter\Database\BaseConnection->query('INSERT INTO `hero_slideshow` (`title`, `description`, `image_url`, `sort_order`, `is_active`, `duration`, `button_label`, `button_url`, `button_class`, `created_at`, `updated_at`) VALUES (:title:, :description:, :image_url:, :sort_order:, :is_active:, :duration:, :button_label:, :button_url:, :button_class:, :created_at:, :updated_at:)', [...], false)
 4 SYSTEMPATH\Model.php(394): CodeIgniter\Database\BaseBuilder->insert()
 5 SYSTEMPATH\BaseModel.php(838): CodeIgniter\Model->doInsert([...])
 6 SYSTEMPATH\Model.php(797): CodeIgniter\BaseModel->insert([...], true)
 7 APPPATH\Controllers\Admin.php(1060): CodeIgniter\Model->insert([...])
 8 SYSTEMPATH\CodeIgniter.php(933): App\Controllers\Admin->save_slideshow()
 9 SYSTEMPATH\CodeIgniter.php(507): CodeIgniter\CodeIgniter->runController(Object(App\Controllers\Admin))
10 SYSTEMPATH\CodeIgniter.php(354): CodeIgniter\CodeIgniter->handleRequest(null, Object(Config\Cache), false)
11 SYSTEMPATH\Boot.php(363): CodeIgniter\CodeIgniter->run()
12 SYSTEMPATH\Boot.php(68): CodeIgniter\Boot::runCodeIgniter(Object(CodeIgniter\CodeIgniter))
13 FCPATH\index.php(70): CodeIgniter\Boot::bootWeb(Object(Config\Paths))
CRITICAL - 2026-01-16 14:15:44 --> [Caused by] mysqli_sql_exception: Unknown column 'duration' in 'field list'
in SYSTEMPATH\Database\MySQLi\Connection.php on line 327.
 1 SYSTEMPATH\Database\MySQLi\Connection.php(327): mysqli->query('INSERT INTO `hero_slideshow` (`title`, `description`, `image_url`, `sort_order`, `is_active`, `duration`, `button_label`, `button_url`, `button_class`, `created_at`, `updated_at`) VALUES (\'\', \'\', \'uploads/hero/696a4810a8b05_Biru Oranye Abstrak Minimalis Persewaan Alat Kemah Twitter Header.png\', 2, 1, 4000, \'\', \'\', \'btn-warning\', \'2026-01-16 14:15:44\', \'2026-01-16 14:15:44\')', 0)
 2 SYSTEMPATH\Database\BaseConnection.php(729): CodeIgniter\Database\MySQLi\Connection->execute('INSERT INTO `hero_slideshow` (`title`, `description`, `image_url`, `sort_order`, `is_active`, `duration`, `button_label`, `button_url`, `button_class`, `created_at`, `updated_at`) VALUES (\'\', \'\', \'uploads/hero/696a4810a8b05_Biru Oranye Abstrak Minimalis Persewaan Alat Kemah Twitter Header.png\', 2, 1, 4000, \'\', \'\', \'btn-warning\', \'2026-01-16 14:15:44\', \'2026-01-16 14:15:44\')')
 3 SYSTEMPATH\Database\BaseConnection.php(646): CodeIgniter\Database\BaseConnection->simpleQuery('INSERT INTO `hero_slideshow` (`title`, `description`, `image_url`, `sort_order`, `is_active`, `duration`, `button_label`, `button_url`, `button_class`, `created_at`, `updated_at`) VALUES (\'\', \'\', \'uploads/hero/696a4810a8b05_Biru Oranye Abstrak Minimalis Persewaan Alat Kemah Twitter Header.png\', 2, 1, 4000, \'\', \'\', \'btn-warning\', \'2026-01-16 14:15:44\', \'2026-01-16 14:15:44\')')
 4 SYSTEMPATH\Database\BaseBuilder.php(2345): CodeIgniter\Database\BaseConnection->query('INSERT INTO `hero_slideshow` (`title`, `description`, `image_url`, `sort_order`, `is_active`, `duration`, `button_label`, `button_url`, `button_class`, `created_at`, `updated_at`) VALUES (:title:, :description:, :image_url:, :sort_order:, :is_active:, :duration:, :button_label:, :button_url:, :button_class:, :created_at:, :updated_at:)', [...], false)
 5 SYSTEMPATH\Model.php(394): CodeIgniter\Database\BaseBuilder->insert()
 6 SYSTEMPATH\BaseModel.php(838): CodeIgniter\Model->doInsert([...])
 7 SYSTEMPATH\Model.php(797): CodeIgniter\BaseModel->insert([...], true)
 8 APPPATH\Controllers\Admin.php(1060): CodeIgniter\Model->insert([...])
 9 SYSTEMPATH\CodeIgniter.php(933): App\Controllers\Admin->save_slideshow()
10 SYSTEMPATH\CodeIgniter.php(507): CodeIgniter\CodeIgniter->runController(Object(App\Controllers\Admin))
11 SYSTEMPATH\CodeIgniter.php(354): CodeIgniter\CodeIgniter->handleRequest(null, Object(Config\Cache), false)
12 SYSTEMPATH\Boot.php(363): CodeIgniter\CodeIgniter->run()
13 SYSTEMPATH\Boot.php(68): CodeIgniter\Boot::runCodeIgniter(Object(CodeIgniter\CodeIgniter))
14 FCPATH\index.php(70): CodeIgniter\Boot::bootWeb(Object(Config\Paths))
